dataset,prompt_type,model,config_n,config_k,config_q,run_id,correct,total,errors,accuracy,run_duration_seconds,avg_trial_wall_seconds,avg_trial_api_seconds,system_fallback_count,artifact_dir
flowers,classification,meta-llama/llama-4-scout,2,1,1,0,2,2,0,1.0000,2.2065,1.0941,0.7354,0,datasets/flowers/classification/N2_K1_Q1/run_0
flowers,classification,meta-llama/llama-4-scout,2,1,1,1,2,2,0,1.0000,2.0264,1.0099,0.7446,0,datasets/flowers/classification/N2_K1_Q1/run_1
flowers,classification,meta-llama/llama-4-scout,2,1,1,2,2,2,0,1.0000,2.9634,1.4802,1.2350,0,datasets/flowers/classification/N2_K1_Q1/run_2
flowers,classification,meta-llama/llama-4-scout,2,1,1,3,2,2,0,1.0000,1.7445,0.8707,0.5900,0,datasets/flowers/classification/N2_K1_Q1/run_3
flowers,classification,meta-llama/llama-4-scout,2,1,1,4,2,2,0,1.0000,2.4368,1.2161,0.9586,0,datasets/flowers/classification/N2_K1_Q1/run_4
flowers,classification,meta-llama/llama-4-scout,2,1,1,5,2,2,0,1.0000,1.9875,0.9897,0.7020,0,datasets/flowers/classification/N2_K1_Q1/run_5
flowers,classification,meta-llama/llama-4-scout,2,5,1,0,2,2,0,1.0000,4.3656,2.1807,1.0312,0,datasets/flowers/classification/N2_K5_Q1/run_0
flowers,classification,meta-llama/llama-4-scout,2,5,1,1,2,2,0,1.0000,4.3099,2.1428,1.0162,0,datasets/flowers/classification/N2_K5_Q1/run_1
flowers,classification,meta-llama/llama-4-scout,2,5,1,2,2,2,0,1.0000,3.8365,1.9162,0.8108,0,datasets/flowers/classification/N2_K5_Q1/run_2
flowers,classification,meta-llama/llama-4-scout,2,5,1,3,2,2,0,1.0000,3.8362,1.9162,0.8785,0,datasets/flowers/classification/N2_K5_Q1/run_3
flowers,classification,meta-llama/llama-4-scout,2,5,1,4,2,2,0,1.0000,3.5527,1.7722,0.7199,0,datasets/flowers/classification/N2_K5_Q1/run_4
flowers,classification,meta-llama/llama-4-scout,2,5,1,5,2,2,0,1.0000,3.8524,1.9201,0.8954,0,datasets/flowers/classification/N2_K5_Q1/run_5
flowers,classification,meta-llama/llama-4-scout,3,1,1,0,3,3,0,1.0000,2.8260,0.9402,0.6261,0,datasets/flowers/classification/N3_K1_Q1/run_0
flowers,classification,meta-llama/llama-4-scout,3,1,1,1,3,3,0,1.0000,3.1585,1.0480,0.6436,0,datasets/flowers/classification/N3_K1_Q1/run_1
flowers,classification,meta-llama/llama-4-scout,3,1,1,2,3,3,0,1.0000,3.8277,1.2521,0.8215,0,datasets/flowers/classification/N3_K1_Q1/run_2
flowers,classification,meta-llama/llama-4-scout,3,1,1,3,3,3,0,1.0000,3.1418,1.0460,0.6378,0,datasets/flowers/classification/N3_K1_Q1/run_3
flowers,classification,meta-llama/llama-4-scout,3,5,1,0,3,3,0,1.0000,6.7813,2.2527,0.8520,0,datasets/flowers/classification/N3_K5_Q1/run_0
flowers,classification,meta-llama/llama-4-scout,3,5,1,1,3,3,0,1.0000,7.9296,2.6372,1.2293,0,datasets/flowers/classification/N3_K5_Q1/run_1
flowers,classification,meta-llama/llama-4-scout,3,5,1,2,3,3,0,1.0000,6.5782,2.1903,0.6172,0,datasets/flowers/classification/N3_K5_Q1/run_2
flowers,classification,meta-llama/llama-4-scout,3,5,1,3,3,3,0,1.0000,8.2119,2.7356,1.1015,0,datasets/flowers/classification/N3_K5_Q1/run_3
flowers,classification,meta-llama/llama-4-scout,4,1,1,0,4,4,0,1.0000,5.2039,1.2784,0.7882,0,datasets/flowers/classification/N4_K1_Q1/run_0
flowers,classification,meta-llama/llama-4-scout,4,1,1,1,4,4,0,1.0000,4.7923,1.1945,0.6733,0,datasets/flowers/classification/N4_K1_Q1/run_1
flowers,classification,meta-llama/llama-4-scout,4,1,1,2,4,4,0,1.0000,4.6351,1.1566,0.6113,0,datasets/flowers/classification/N4_K1_Q1/run_2
flowers,classification,meta-llama/llama-4-scout,4,5,1,0,4,4,0,1.0000,11.7683,2.9400,1.0938,0,datasets/flowers/classification/N4_K5_Q1/run_0
flowers,classification,meta-llama/llama-4-scout,4,5,1,1,4,4,0,1.0000,12.0621,3.0121,0.9904,0,datasets/flowers/classification/N4_K5_Q1/run_1
flowers,classification,meta-llama/llama-4-scout,4,5,1,2,4,4,0,1.0000,10.8437,2.7091,0.7877,0,datasets/flowers/classification/N4_K5_Q1/run_2
flowers,nle,meta-llama/llama-4-scout,2,1,1,0,2,2,0,1.0000,4.3159,2.1559,1.8674,0,datasets/flowers/nle/N2_K1_Q1/run_0
flowers,nle,meta-llama/llama-4-scout,2,1,1,1,2,2,0,1.0000,3.5403,1.7621,1.6215,0,datasets/flowers/nle/N2_K1_Q1/run_1
flowers,nle,meta-llama/llama-4-scout,2,1,1,2,2,2,0,1.0000,4.7329,2.3614,2.1060,0,datasets/flowers/nle/N2_K1_Q1/run_2
flowers,nle,meta-llama/llama-4-scout,2,1,1,3,2,2,0,1.0000,4.1848,2.0898,1.8091,0,datasets/flowers/nle/N2_K1_Q1/run_3
flowers,nle,meta-llama/llama-4-scout,2,1,1,4,2,2,0,1.0000,8.1228,4.0579,3.8182,0,datasets/flowers/nle/N2_K1_Q1/run_4
flowers,nle,meta-llama/llama-4-scout,2,1,1,5,2,2,0,1.0000,4.2508,2.1237,1.8301,0,datasets/flowers/nle/N2_K1_Q1/run_5
flowers,nle,meta-llama/llama-4-scout,2,5,1,0,2,2,0,1.0000,8.1443,4.0695,2.8879,0,datasets/flowers/nle/N2_K5_Q1/run_0
flowers,nle,meta-llama/llama-4-scout,2,5,1,1,2,2,0,1.0000,5.2850,2.6369,1.6757,0,datasets/flowers/nle/N2_K5_Q1/run_1
flowers,nle,meta-llama/llama-4-scout,2,5,1,2,2,2,0,1.0000,7.2704,3.6232,2.7192,0,datasets/flowers/nle/N2_K5_Q1/run_2
flowers,nle,meta-llama/llama-4-scout,2,5,1,3,2,2,0,1.0000,7.0125,3.4991,2.4274,0,datasets/flowers/nle/N2_K5_Q1/run_3
flowers,nle,meta-llama/llama-4-scout,2,5,1,4,2,2,0,1.0000,6.1478,3.0708,1.7655,0,datasets/flowers/nle/N2_K5_Q1/run_4
flowers,nle,meta-llama/llama-4-scout,2,5,1,5,2,2,0,1.0000,5.6935,2.8420,1.9228,0,datasets/flowers/nle/N2_K5_Q1/run_5
flowers,nle,meta-llama/llama-4-scout,3,1,1,0,3,3,0,1.0000,9.3766,3.1222,2.5869,0,datasets/flowers/nle/N3_K1_Q1/run_0
flowers,nle,meta-llama/llama-4-scout,3,1,1,1,3,3,0,1.0000,8.4838,2.8266,2.3866,0,datasets/flowers/nle/N3_K1_Q1/run_1
flowers,nle,meta-llama/llama-4-scout,3,1,1,2,3,3,0,1.0000,10.0196,3.3387,2.8577,0,datasets/flowers/nle/N3_K1_Q1/run_2
flowers,nle,meta-llama/llama-4-scout,3,1,1,3,3,3,0,1.0000,9.1204,3.0372,2.5496,0,datasets/flowers/nle/N3_K1_Q1/run_3
flowers,nle,meta-llama/llama-4-scout,3,5,1,0,3,3,0,1.0000,12.4152,4.1333,2.1634,0,datasets/flowers/nle/N3_K5_Q1/run_0
flowers,nle,meta-llama/llama-4-scout,3,5,1,1,3,3,0,1.0000,12.1676,4.0520,2.2142,0,datasets/flowers/nle/N3_K5_Q1/run_1
flowers,nle,meta-llama/llama-4-scout,3,5,1,2,3,3,0,1.0000,9.8287,3.2726,2.1308,0,datasets/flowers/nle/N3_K5_Q1/run_2
flowers,nle,meta-llama/llama-4-scout,3,5,1,3,3,3,0,1.0000,12.7918,4.2599,2.5989,0,datasets/flowers/nle/N3_K5_Q1/run_3
flowers,nle,meta-llama/llama-4-scout,4,1,1,0,4,4,0,1.0000,10.6220,2.6527,2.1435,0,datasets/flowers/nle/N4_K1_Q1/run_0
flowers,nle,meta-llama/llama-4-scout,4,1,1,1,4,4,0,1.0000,10.6906,2.6706,2.1771,0,datasets/flowers/nle/N4_K1_Q1/run_1
flowers,nle,meta-llama/llama-4-scout,4,1,1,2,4,4,0,1.0000,11.1315,2.7809,2.2430,0,datasets/flowers/nle/N4_K1_Q1/run_2
flowers,nle,meta-llama/llama-4-scout,4,5,1,0,4,4,0,1.0000,18.3114,4.5758,2.0475,0,datasets/flowers/nle/N4_K5_Q1/run_0
flowers,nle,meta-llama/llama-4-scout,4,5,1,1,4,4,0,1.0000,19.7935,4.9465,2.2633,0,datasets/flowers/nle/N4_K5_Q1/run_1
flowers,nle,meta-llama/llama-4-scout,4,5,1,2,4,4,0,1.0000,21.4694,5.3557,2.7571,0,datasets/flowers/nle/N4_K5_Q1/run_2
flowers,features,meta-llama/llama-4-scout,2,1,1,0,2,2,0,1.0000,2.9713,1.4835,1.1116,0,datasets/flowers/features/N2_K1_Q1/run_0
flowers,features,meta-llama/llama-4-scout,2,1,1,1,2,2,0,1.0000,3.1806,1.5839,1.2619,0,datasets/flowers/features/N2_K1_Q1/run_1
flowers,features,meta-llama/llama-4-scout,2,1,1,2,2,2,0,1.0000,3.1560,1.5763,1.2008,0,datasets/flowers/features/N2_K1_Q1/run_2
flowers,features,meta-llama/llama-4-scout,2,1,1,3,2,2,0,1.0000,2.8797,1.4376,0.9998,0,datasets/flowers/features/N2_K1_Q1/run_3
flowers,features,meta-llama/llama-4-scout,2,1,1,4,2,2,0,1.0000,2.9211,1.4550,1.0284,0,datasets/flowers/features/N2_K1_Q1/run_4
flowers,features,meta-llama/llama-4-scout,2,1,1,5,2,2,0,1.0000,6.3413,3.1670,2.7328,0,datasets/flowers/features/N2_K1_Q1/run_5
flowers,features,meta-llama/llama-4-scout,2,5,1,0,2,2,0,1.0000,8.5605,4.2778,2.9721,0,datasets/flowers/features/N2_K5_Q1/run_0
flowers,features,meta-llama/llama-4-scout,2,5,1,1,2,2,0,1.0000,5.1448,2.5704,1.4779,0,datasets/flowers/features/N2_K5_Q1/run_1
flowers,features,meta-llama/llama-4-scout,2,5,1,2,2,2,0,1.0000,4.8241,2.4078,1.2266,0,datasets/flowers/features/N2_K5_Q1/run_2
flowers,features,meta-llama/llama-4-scout,2,5,1,3,2,2,0,1.0000,5.1551,2.5747,1.2105,0,datasets/flowers/features/N2_K5_Q1/run_3
flowers,features,meta-llama/llama-4-scout,2,5,1,4,2,2,0,1.0000,4.9797,2.4864,1.3290,0,datasets/flowers/features/N2_K5_Q1/run_4
flowers,features,meta-llama/llama-4-scout,2,5,1,5,2,2,0,1.0000,4.7842,2.3880,1.3646,0,datasets/flowers/features/N2_K5_Q1/run_5
flowers,features,meta-llama/llama-4-scout,3,1,1,0,3,3,0,1.0000,5.0966,1.6957,1.2703,0,datasets/flowers/features/N3_K1_Q1/run_0
flowers,features,meta-llama/llama-4-scout,3,1,1,1,3,3,0,1.0000,4.8012,1.5989,1.1357,0,datasets/flowers/features/N3_K1_Q1/run_1
flowers,features,meta-llama/llama-4-scout,3,1,1,2,3,3,0,1.0000,4.6676,1.5545,1.2322,0,datasets/flowers/features/N3_K1_Q1/run_2
flowers,features,meta-llama/llama-4-scout,3,1,1,3,3,3,0,1.0000,4.4104,1.4687,1.1988,0,datasets/flowers/features/N3_K1_Q1/run_3
flowers,features,meta-llama/llama-4-scout,3,5,1,0,3,3,0,1.0000,7.6003,2.5303,1.3100,0,datasets/flowers/features/N3_K5_Q1/run_0
flowers,features,meta-llama/llama-4-scout,3,5,1,1,3,3,0,1.0000,7.8769,2.6237,1.1723,0,datasets/flowers/features/N3_K5_Q1/run_1
flowers,features,meta-llama/llama-4-scout,3,5,1,2,3,3,0,1.0000,8.5862,2.8565,1.1555,0,datasets/flowers/features/N3_K5_Q1/run_2
flowers,features,meta-llama/llama-4-scout,3,5,1,3,3,3,0,1.0000,8.0763,2.6802,1.0294,0,datasets/flowers/features/N3_K5_Q1/run_3
flowers,features,meta-llama/llama-4-scout,4,1,1,0,4,4,0,1.0000,6.4715,1.6166,1.1065,0,datasets/flowers/features/N4_K1_Q1/run_0
flowers,features,meta-llama/llama-4-scout,4,1,1,1,4,4,0,1.0000,7.7303,1.9314,1.4720,0,datasets/flowers/features/N4_K1_Q1/run_1
flowers,features,meta-llama/llama-4-scout,4,1,1,2,4,4,0,1.0000,6.9589,1.7371,1.1947,0,datasets/flowers/features/N4_K1_Q1/run_2
flowers,features,meta-llama/llama-4-scout,4,5,1,0,4,4,0,1.0000,17.2920,4.3154,1.6803,0,datasets/flowers/features/N4_K5_Q1/run_0
flowers,features,meta-llama/llama-4-scout,4,5,1,1,4,4,0,1.0000,15.2706,3.8087,1.3557,0,datasets/flowers/features/N4_K5_Q1/run_1
flowers,features,meta-llama/llama-4-scout,4,5,1,2,4,4,0,1.0000,15.8577,3.9597,1.4203,0,datasets/flowers/features/N4_K5_Q1/run_2
flowers,rulebased,meta-llama/llama-4-scout,2,1,1,0,2,2,0,1.0000,7.5299,3.7607,3.3964,0,datasets/flowers/rulebased/N2_K1_Q1/run_0
flowers,rulebased,meta-llama/llama-4-scout,2,1,1,1,2,2,0,1.0000,8.6242,4.3063,3.9459,0,datasets/flowers/rulebased/N2_K1_Q1/run_1
flowers,rulebased,meta-llama/llama-4-scout,2,1,1,2,2,2,0,1.0000,13.4948,6.7448,6.3987,0,datasets/flowers/rulebased/N2_K1_Q1/run_2
flowers,rulebased,meta-llama/llama-4-scout,2,1,1,3,2,2,0,1.0000,11.9216,5.9573,5.5841,0,datasets/flowers/rulebased/N2_K1_Q1/run_3
flowers,rulebased,meta-llama/llama-4-scout,2,1,1,4,2,2,0,1.0000,9.5365,4.7645,4.4022,0,datasets/flowers/rulebased/N2_K1_Q1/run_4
flowers,rulebased,meta-llama/llama-4-scout,2,1,1,5,2,2,0,1.0000,8.5984,4.2942,3.9468,0,datasets/flowers/rulebased/N2_K1_Q1/run_5
flowers,rulebased,meta-llama/llama-4-scout,2,5,1,0,2,2,0,1.0000,10.8105,5.4000,3.9491,0,datasets/flowers/rulebased/N2_K5_Q1/run_0
flowers,rulebased,meta-llama/llama-4-scout,2,5,1,1,2,2,0,1.0000,10.3881,5.1842,3.9026,0,datasets/flowers/rulebased/N2_K5_Q1/run_1
flowers,rulebased,meta-llama/llama-4-scout,2,5,1,2,2,2,0,1.0000,9.4189,4.7002,3.3601,0,datasets/flowers/rulebased/N2_K5_Q1/run_2
flowers,rulebased,meta-llama/llama-4-scout,2,5,1,3,2,2,0,1.0000,8.3860,4.1824,3.0808,0,datasets/flowers/rulebased/N2_K5_Q1/run_3
flowers,rulebased,meta-llama/llama-4-scout,2,5,1,4,2,2,0,1.0000,6.7054,3.3486,2.2868,0,datasets/flowers/rulebased/N2_K5_Q1/run_4
flowers,rulebased,meta-llama/llama-4-scout,2,5,1,5,2,2,0,1.0000,8.5457,4.2702,3.1784,0,datasets/flowers/rulebased/N2_K5_Q1/run_5
flowers,rulebased,meta-llama/llama-4-scout,3,1,1,0,3,3,0,1.0000,14.4556,4.8170,4.4124,0,datasets/flowers/rulebased/N3_K1_Q1/run_0
flowers,rulebased,meta-llama/llama-4-scout,3,1,1,1,2,3,0,0.6667,11.4853,3.8232,3.3879,0,datasets/flowers/rulebased/N3_K1_Q1/run_1
flowers,rulebased,meta-llama/llama-4-scout,3,1,1,2,3,3,0,1.0000,13.1095,4.3672,4.0048,0,datasets/flowers/rulebased/N3_K1_Q1/run_2
flowers,rulebased,meta-llama/llama-4-scout,3,1,1,3,3,3,0,1.0000,12.0688,4.0205,3.5680,0,datasets/flowers/rulebased/N3_K1_Q1/run_3
flowers,rulebased,meta-llama/llama-4-scout,3,5,1,0,3,3,0,1.0000,16.1378,5.3771,3.7876,0,datasets/flowers/rulebased/N3_K5_Q1/run_0
flowers,rulebased,meta-llama/llama-4-scout,3,5,1,1,3,3,0,1.0000,13.8971,4.6305,3.2013,0,datasets/flowers/rulebased/N3_K5_Q1/run_1
flowers,rulebased,meta-llama/llama-4-scout,3,5,1,2,3,3,0,1.0000,14.4937,4.8294,3.3130,0,datasets/flowers/rulebased/N3_K5_Q1/run_2
flowers,rulebased,meta-llama/llama-4-scout,3,5,1,3,3,3,0,1.0000,14.1022,4.6974,3.2128,0,datasets/flowers/rulebased/N3_K5_Q1/run_3
flowers,rulebased,meta-llama/llama-4-scout,4,1,1,0,4,4,0,1.0000,15.3213,3.8228,3.2661,0,datasets/flowers/rulebased/N4_K1_Q1/run_0
flowers,rulebased,meta-llama/llama-4-scout,4,1,1,1,4,4,0,1.0000,14.5072,3.6241,3.1015,0,datasets/flowers/rulebased/N4_K1_Q1/run_1
flowers,rulebased,meta-llama/llama-4-scout,4,1,1,2,4,4,0,1.0000,19.6888,4.9196,4.4193,0,datasets/flowers/rulebased/N4_K1_Q1/run_2
flowers,rulebased,meta-llama/llama-4-scout,4,5,1,0,4,4,0,1.0000,22.4621,5.6129,3.7308,0,datasets/flowers/rulebased/N4_K5_Q1/run_0
flowers,rulebased,meta-llama/llama-4-scout,4,5,1,1,4,4,0,1.0000,23.7459,5.9331,3.9672,0,datasets/flowers/rulebased/N4_K5_Q1/run_1
flowers,rulebased,meta-llama/llama-4-scout,4,5,1,2,4,4,0,1.0000,27.2877,6.8197,4.6192,0,datasets/flowers/rulebased/N4_K5_Q1/run_2
flowers,axioms_ontology_v2,meta-llama/llama-4-scout,2,1,1,0,2,2,0,1.0000,4.5769,2.2823,2.0785,0,datasets/flowers/axioms_ontology_v2/N2_K1_Q1/run_0
flowers,axioms_ontology_v2,meta-llama/llama-4-scout,2,1,1,1,2,2,0,1.0000,5.8072,2.9001,2.5625,0,datasets/flowers/axioms_ontology_v2/N2_K1_Q1/run_1
flowers,axioms_ontology_v2,meta-llama/llama-4-scout,2,1,1,2,2,2,0,1.0000,7.2478,3.6093,3.2326,0,datasets/flowers/axioms_ontology_v2/N2_K1_Q1/run_2
flowers,axioms_ontology_v2,meta-llama/llama-4-scout,2,1,1,3,2,2,0,1.0000,6.6156,3.3021,3.0413,0,datasets/flowers/axioms_ontology_v2/N2_K1_Q1/run_3
flowers,axioms_ontology_v2,meta-llama/llama-4-scout,2,1,1,4,2,2,0,1.0000,5.1366,2.5651,2.1941,0,datasets/flowers/axioms_ontology_v2/N2_K1_Q1/run_4
flowers,axioms_ontology_v2,meta-llama/llama-4-scout,2,1,1,5,2,2,0,1.0000,4.9682,2.4816,2.2523,0,datasets/flowers/axioms_ontology_v2/N2_K1_Q1/run_5
flowers,axioms_ontology_v2,meta-llama/llama-4-scout,2,5,1,0,2,2,0,1.0000,6.8243,3.4097,2.4370,0,datasets/flowers/axioms_ontology_v2/N2_K5_Q1/run_0
flowers,axioms_ontology_v2,meta-llama/llama-4-scout,2,5,1,1,2,2,0,1.0000,7.5569,3.7688,2.6734,0,datasets/flowers/axioms_ontology_v2/N2_K5_Q1/run_1
flowers,axioms_ontology_v2,meta-llama/llama-4-scout,2,5,1,2,2,2,0,1.0000,7.1962,3.5952,2.7232,0,datasets/flowers/axioms_ontology_v2/N2_K5_Q1/run_2
flowers,axioms_ontology_v2,meta-llama/llama-4-scout,2,5,1,3,2,2,0,1.0000,6.9886,3.4907,2.6810,0,datasets/flowers/axioms_ontology_v2/N2_K5_Q1/run_3
flowers,axioms_ontology_v2,meta-llama/llama-4-scout,2,5,1,4,2,2,0,1.0000,6.9375,3.4657,2.5173,0,datasets/flowers/axioms_ontology_v2/N2_K5_Q1/run_4
flowers,axioms_ontology_v2,meta-llama/llama-4-scout,2,5,1,5,2,2,0,1.0000,6.7985,3.3948,2.2491,0,datasets/flowers/axioms_ontology_v2/N2_K5_Q1/run_5
flowers,axioms_ontology_v2,meta-llama/llama-4-scout,3,1,1,0,3,3,0,1.0000,10.0581,3.3453,3.0143,0,datasets/flowers/axioms_ontology_v2/N3_K1_Q1/run_0
flowers,axioms_ontology_v2,meta-llama/llama-4-scout,3,1,1,1,3,3,0,1.0000,9.4176,3.1376,2.7285,0,datasets/flowers/axioms_ontology_v2/N3_K1_Q1/run_1
flowers,axioms_ontology_v2,meta-llama/llama-4-scout,3,1,1,2,3,3,0,1.0000,9.8810,3.2919,2.8559,0,datasets/flowers/axioms_ontology_v2/N3_K1_Q1/run_2
flowers,axioms_ontology_v2,meta-llama/llama-4-scout,3,1,1,3,3,3,0,1.0000,9.3130,3.1002,2.6693,0,datasets/flowers/axioms_ontology_v2/N3_K1_Q1/run_3
flowers,axioms_ontology_v2,meta-llama/llama-4-scout,3,5,1,0,3,3,0,1.0000,13.2763,4.4229,2.9392,0,datasets/flowers/axioms_ontology_v2/N3_K5_Q1/run_0
flowers,axioms_ontology_v2,meta-llama/llama-4-scout,3,5,1,1,3,3,0,1.0000,12.9319,4.3085,2.5879,0,datasets/flowers/axioms_ontology_v2/N3_K5_Q1/run_1
flowers,axioms_ontology_v2,meta-llama/llama-4-scout,3,5,1,2,3,3,0,1.0000,13.7492,4.5756,3.2774,0,datasets/flowers/axioms_ontology_v2/N3_K5_Q1/run_2
flowers,axioms_ontology_v2,meta-llama/llama-4-scout,3,5,1,3,3,3,0,1.0000,14.6541,4.8823,3.1768,0,datasets/flowers/axioms_ontology_v2/N3_K5_Q1/run_3
flowers,axioms_ontology_v2,meta-llama/llama-4-scout,4,1,1,0,3,4,0,0.7500,13.6458,3.4079,2.8744,0,datasets/flowers/axioms_ontology_v2/N4_K1_Q1/run_0
flowers,axioms_ontology_v2,meta-llama/llama-4-scout,4,1,1,1,2,4,0,0.5000,13.9205,3.4403,2.9817,0,datasets/flowers/axioms_ontology_v2/N4_K1_Q1/run_1
flowers,axioms_ontology_v2,meta-llama/llama-4-scout,4,1,1,2,4,4,0,1.0000,14.6643,3.6630,3.2003,0,datasets/flowers/axioms_ontology_v2/N4_K1_Q1/run_2
flowers,axioms_ontology_v2,meta-llama/llama-4-scout,4,5,1,0,4,4,0,1.0000,22.1344,5.5311,3.9209,0,datasets/flowers/axioms_ontology_v2/N4_K5_Q1/run_0
flowers,axioms_ontology_v2,meta-llama/llama-4-scout,4,5,1,1,4,4,0,1.0000,20.7231,5.1773,3.3814,0,datasets/flowers/axioms_ontology_v2/N4_K5_Q1/run_1
flowers,axioms_ontology_v2,meta-llama/llama-4-scout,4,5,1,2,4,4,0,1.0000,22.7233,5.6762,3.7681,0,datasets/flowers/axioms_ontology_v2/N4_K5_Q1/run_2
pets,classification,meta-llama/llama-4-scout,2,1,1,0,2,2,0,1.0000,1.9729,0.9806,0.6898,0,datasets/pets/classification/N2_K1_Q1/run_0
pets,classification,meta-llama/llama-4-scout,2,1,1,1,2,2,0,1.0000,1.9205,0.9586,0.8254,0,datasets/pets/classification/N2_K1_Q1/run_1
pets,classification,meta-llama/llama-4-scout,2,1,1,2,2,2,0,1.0000,1.8540,0.9192,0.6344,0,datasets/pets/classification/N2_K1_Q1/run_2
pets,classification,meta-llama/llama-4-scout,2,1,1,3,2,2,0,1.0000,2.0102,1.0001,0.7652,0,datasets/pets/classification/N2_K1_Q1/run_3
pets,classification,meta-llama/llama-4-scout,2,1,1,4,2,2,0,1.0000,1.7614,0.8787,0.7981,0,datasets/pets/classification/N2_K1_Q1/run_4
pets,classification,meta-llama/llama-4-scout,2,1,1,5,2,2,0,1.0000,1.6994,0.8455,0.5239,0,datasets/pets/classification/N2_K1_Q1/run_5
pets,classification,meta-llama/llama-4-scout,2,5,1,0,2,2,0,1.0000,4.6174,2.3034,1.1257,0,datasets/pets/classification/N2_K5_Q1/run_0
pets,classification,meta-llama/llama-4-scout,2,5,1,1,2,2,0,1.0000,3.6940,1.8440,0.7876,0,datasets/pets/classification/N2_K5_Q1/run_1
pets,classification,meta-llama/llama-4-scout,2,5,1,2,2,2,0,1.0000,3.8157,1.9060,0.9483,0,datasets/pets/classification/N2_K5_Q1/run_2
pets,classification,meta-llama/llama-4-scout,2,5,1,3,2,2,0,1.0000,3.4232,1.7097,0.6995,0,datasets/pets/classification/N2_K5_Q1/run_3
pets,classification,meta-llama/llama-4-scout,2,5,1,4,2,2,0,1.0000,3.4323,1.7088,0.7814,0,datasets/pets/classification/N2_K5_Q1/run_4
pets,classification,meta-llama/llama-4-scout,2,5,1,5,2,2,0,1.0000,3.5894,1.7918,0.6939,0,datasets/pets/classification/N2_K5_Q1/run_5
pets,classification,meta-llama/llama-4-scout,3,1,1,0,2,3,0,0.6667,2.9869,0.9936,0.5138,0,datasets/pets/classification/N3_K1_Q1/run_0
pets,classification,meta-llama/llama-4-scout,3,1,1,1,2,3,0,0.6667,3.4831,1.1169,0.6880,0,datasets/pets/classification/N3_K1_Q1/run_1
pets,classification,meta-llama/llama-4-scout,3,1,1,2,2,3,0,0.6667,2.9249,0.9736,0.6151,0,datasets/pets/classification/N3_K1_Q1/run_2
pets,classification,meta-llama/llama-4-scout,3,1,1,3,2,3,0,0.6667,3.2074,1.0677,0.7381,0,datasets/pets/classification/N3_K1_Q1/run_3
pets,classification,meta-llama/llama-4-scout,3,5,1,0,3,3,0,1.0000,6.1702,2.0550,0.7119,0,datasets/pets/classification/N3_K5_Q1/run_0
pets,classification,meta-llama/llama-4-scout,3,5,1,1,3,3,0,1.0000,6.9002,2.2963,0.7084,0,datasets/pets/classification/N3_K5_Q1/run_1
pets,classification,meta-llama/llama-4-scout,3,5,1,2,3,3,0,1.0000,8.2597,2.7504,1.1341,0,datasets/pets/classification/N3_K5_Q1/run_2
pets,classification,meta-llama/llama-4-scout,3,5,1,3,3,3,0,1.0000,6.7774,2.2517,0.7739,0,datasets/pets/classification/N3_K5_Q1/run_3
pets,classification,meta-llama/llama-4-scout,4,1,1,0,4,4,0,1.0000,4.8528,1.2106,0.6714,0,datasets/pets/classification/N4_K1_Q1/run_0
pets,classification,meta-llama/llama-4-scout,4,1,1,1,3,4,0,0.7500,4.6953,1.1645,0.6400,0,datasets/pets/classification/N4_K1_Q1/run_1
pets,classification,meta-llama/llama-4-scout,4,1,1,2,3,4,0,0.7500,4.2055,1.0461,0.6426,0,datasets/pets/classification/N4_K1_Q1/run_2
pets,classification,meta-llama/llama-4-scout,4,5,1,0,4,4,0,1.0000,10.7842,2.6924,0.9773,0,datasets/pets/classification/N4_K5_Q1/run_0
pets,classification,meta-llama/llama-4-scout,4,5,1,1,4,4,0,1.0000,11.7641,2.9379,1.0180,0,datasets/pets/classification/N4_K5_Q1/run_1
pets,classification,meta-llama/llama-4-scout,4,5,1,2,4,4,0,1.0000,11.9327,2.9785,1.1117,0,datasets/pets/classification/N4_K5_Q1/run_2
pets,nle,meta-llama/llama-4-scout,2,1,1,0,2,2,0,1.0000,4.8730,2.4327,2.3394,0,datasets/pets/nle/N2_K1_Q1/run_0
pets,nle,meta-llama/llama-4-scout,2,1,1,1,2,2,0,1.0000,5.4878,2.7400,2.4515,0,datasets/pets/nle/N2_K1_Q1/run_1
pets,nle,meta-llama/llama-4-scout,2,1,1,2,2,2,0,1.0000,4.4021,2.1970,1.8626,0,datasets/pets/nle/N2_K1_Q1/run_2
pets,nle,meta-llama/llama-4-scout,2,1,1,3,2,2,0,1.0000,5.9322,2.9617,2.6826,0,datasets/pets/nle/N2_K1_Q1/run_3
pets,nle,meta-llama/llama-4-scout,2,1,1,4,2,2,0,1.0000,4.8531,2.4248,2.1317,0,datasets/pets/nle/N2_K1_Q1/run_4
pets,nle,meta-llama/llama-4-scout,2,1,1,5,2,2,0,1.0000,5.0215,2.5070,2.2217,0,datasets/pets/nle/N2_K1_Q1/run_5
pets,nle,meta-llama/llama-4-scout,2,5,1,0,2,2,0,1.0000,5.3679,2.6810,1.5809,0,datasets/pets/nle/N2_K5_Q1/run_0
pets,nle,meta-llama/llama-4-scout,2,5,1,1,2,2,0,1.0000,7.5170,3.7516,2.7015,0,datasets/pets/nle/N2_K5_Q1/run_1
pets,nle,meta-llama/llama-4-scout,2,5,1,2,2,2,0,1.0000,7.0831,3.5345,2.3712,0,datasets/pets/nle/N2_K5_Q1/run_2
pets,nle,meta-llama/llama-4-scout,2,5,1,3,2,2,0,1.0000,6.1562,3.0726,1.8210,0,datasets/pets/nle/N2_K5_Q1/run_3
pets,nle,meta-llama/llama-4-scout,2,5,1,4,2,2,0,1.0000,6.8739,3.4331,2.4439,0,datasets/pets/nle/N2_K5_Q1/run_4
pets,nle,meta-llama/llama-4-scout,2,5,1,5,2,2,0,1.0000,6.9721,3.4821,2.3172,0,datasets/pets/nle/N2_K5_Q1/run_5
pets,nle,meta-llama/llama-4-scout,3,1,1,0,2,3,0,0.6667,7.5965,2.5307,2.0667,0,datasets/pets/nle/N3_K1_Q1/run_0
pets,nle,meta-llama/llama-4-scout,3,1,1,1,2,3,0,0.6667,9.8890,3.2942,2.9155,0,datasets/pets/nle/N3_K1_Q1/run_1
pets,nle,meta-llama/llama-4-scout,3,1,1,2,2,3,0,0.6667,9.7761,3.2575,2.9444,0,datasets/pets/nle/N3_K1_Q1/run_2
pets,nle,meta-llama/llama-4-scout,3,1,1,3,2,3,0,0.6667,11.5103,3.8341,3.4587,0,datasets/pets/nle/N3_K1_Q1/run_3
pets,nle,meta-llama/llama-4-scout,3,5,1,0,3,3,0,1.0000,9.8022,3.2648,1.7330,0,datasets/pets/nle/N3_K5_Q1/run_0
pets,nle,meta-llama/llama-4-scout,3,5,1,1,3,3,0,1.0000,11.9958,3.9957,2.3584,0,datasets/pets/nle/N3_K5_Q1/run_1
pets,nle,meta-llama/llama-4-scout,3,5,1,2,3,3,0,1.0000,10.6543,3.5477,1.9577,0,datasets/pets/nle/N3_K5_Q1/run_2
pets,nle,meta-llama/llama-4-scout,3,5,1,3,3,3,0,1.0000,11.4453,3.8116,2.3926,0,datasets/pets/nle/N3_K5_Q1/run_3
pets,nle,meta-llama/llama-4-scout,4,1,1,0,4,4,0,1.0000,10.3670,2.5881,2.0948,0,datasets/pets/nle/N4_K1_Q1/run_0
pets,nle,meta-llama/llama-4-scout,4,1,1,1,3,4,0,0.7500,10.2515,2.5617,2.1580,0,datasets/pets/nle/N4_K1_Q1/run_1
pets,nle,meta-llama/llama-4-scout,4,1,1,2,4,4,0,1.0000,12.3644,3.0884,2.6123,0,datasets/pets/nle/N4_K1_Q1/run_2
pets,nle,meta-llama/llama-4-scout,4,5,1,0,4,4,0,1.0000,18.0131,4.4965,2.6584,0,datasets/pets/nle/N4_K5_Q1/run_0
pets,nle,meta-llama/llama-4-scout,4,5,1,1,4,4,0,1.0000,16.7995,4.1931,2.2940,0,datasets/pets/nle/N4_K5_Q1/run_1
pets,nle,meta-llama/llama-4-scout,4,5,1,2,4,4,0,1.0000,19.5261,4.8736,2.8034,0,datasets/pets/nle/N4_K5_Q1/run_2
pets,features,meta-llama/llama-4-scout,2,1,1,0,2,2,0,1.0000,3.2709,1.6297,1.3266,0,datasets/pets/features/N2_K1_Q1/run_0
pets,features,meta-llama/llama-4-scout,2,1,1,1,2,2,0,1.0000,3.6624,1.8297,1.5151,0,datasets/pets/features/N2_K1_Q1/run_1
pets,features,meta-llama/llama-4-scout,2,1,1,2,2,2,0,1.0000,2.9464,1.4689,1.0877,0,datasets/pets/features/N2_K1_Q1/run_2
pets,features,meta-llama/llama-4-scout,2,1,1,3,2,2,0,1.0000,2.8498,1.4087,1.2329,0,datasets/pets/features/N2_K1_Q1/run_3
pets,features,meta-llama/llama-4-scout,2,1,1,4,2,2,0,1.0000,3.5772,1.7858,1.4950,0,datasets/pets/features/N2_K1_Q1/run_4
pets,features,meta-llama/llama-4-scout,2,1,1,5,2,2,0,1.0000,2.9325,1.4546,1.1958,0,datasets/pets/features/N2_K1_Q1/run_5
pets,features,meta-llama/llama-4-scout,2,5,1,0,2,2,0,1.0000,4.2108,2.1000,1.1129,0,datasets/pets/features/N2_K5_Q1/run_0
pets,features,meta-llama/llama-4-scout,2,5,1,1,2,2,0,1.0000,6.3335,3.1648,1.9116,0,datasets/pets/features/N2_K5_Q1/run_1
pets,features,meta-llama/llama-4-scout,2,5,1,2,2,2,0,1.0000,4.8774,2.4347,1.3815,0,datasets/pets/features/N2_K5_Q1/run_2
pets,features,meta-llama/llama-4-scout,2,5,1,3,2,2,0,1.0000,4.9285,2.4607,1.4051,0,datasets/pets/features/N2_K5_Q1/run_3
pets,features,meta-llama/llama-4-scout,2,5,1,4,2,2,0,1.0000,4.3103,2.1491,1.2982,0,datasets/pets/features/N2_K5_Q1/run_4
pets,features,meta-llama/llama-4-scout,2,5,1,5,2,2,0,1.0000,3.9764,1.9809,0.9824,0,datasets/pets/features/N2_K5_Q1/run_5
pets,features,meta-llama/llama-4-scout,3,1,1,0,2,3,0,0.6667,4.0208,1.3384,0.9608,0,datasets/pets/features/N3_K1_Q1/run_0
pets,features,meta-llama/llama-4-scout,3,1,1,1,1,3,0,0.3333,4.0174,1.3349,0.9923,0,datasets/pets/features/N3_K1_Q1/run_1
pets,features,meta-llama/llama-4-scout,3,1,1,2,2,3,0,0.6667,4.4979,1.4924,1.0997,0,datasets/pets/features/N3_K1_Q1/run_2
pets,features,meta-llama/llama-4-scout,3,1,1,3,2,3,0,0.6667,4.5892,1.5276,1.1221,0,datasets/pets/features/N3_K1_Q1/run_3
pets,features,meta-llama/llama-4-scout,3,5,1,0,3,3,0,1.0000,7.6751,2.5550,1.1565,0,datasets/pets/features/N3_K5_Q1/run_0
pets,features,meta-llama/llama-4-scout,3,5,1,1,3,3,0,1.0000,7.6492,2.5458,1.0865,0,datasets/pets/features/N3_K5_Q1/run_1
pets,features,meta-llama/llama-4-scout,3,5,1,2,3,3,0,1.0000,9.0861,3.0269,1.4385,0,datasets/pets/features/N3_K5_Q1/run_2
pets,features,meta-llama/llama-4-scout,3,5,1,3,3,3,0,1.0000,8.3592,2.7846,1.2478,0,datasets/pets/features/N3_K5_Q1/run_3
pets,features,meta-llama/llama-4-scout,4,1,1,0,4,4,0,1.0000,6.5776,1.6430,1.1390,0,datasets/pets/features/N4_K1_Q1/run_0
pets,features,meta-llama/llama-4-scout,4,1,1,1,3,4,0,0.7500,6.8220,1.7031,1.1927,0,datasets/pets/features/N4_K1_Q1/run_1
pets,features,meta-llama/llama-4-scout,4,1,1,2,2,4,0,0.5000,5.9864,1.4946,1.0747,0,datasets/pets/features/N4_K1_Q1/run_2
pets,features,meta-llama/llama-4-scout,4,5,1,0,4,4,0,1.0000,14.2404,3.5564,1.5824,0,datasets/pets/features/N4_K5_Q1/run_0
pets,features,meta-llama/llama-4-scout,4,5,1,1,4,4,0,1.0000,15.8483,3.9602,2.1248,0,datasets/pets/features/N4_K5_Q1/run_1
pets,features,meta-llama/llama-4-scout,4,5,1,2,4,4,0,1.0000,13.7712,3.4410,1.4401,0,datasets/pets/features/N4_K5_Q1/run_2
pets,rulebased,meta-llama/llama-4-scout,2,1,1,0,2,2,0,1.0000,6.7776,3.3777,3.0591,0,datasets/pets/rulebased/N2_K1_Q1/run_0
pets,rulebased,meta-llama/llama-4-scout,2,1,1,1,2,2,0,1.0000,6.8829,3.4358,3.0943,0,datasets/pets/rulebased/N2_K1_Q1/run_1
pets,rulebased,meta-llama/llama-4-scout,2,1,1,2,2,2,0,1.0000,6.4403,3.2169,2.8795,0,datasets/pets/rulebased/N2_K1_Q1/run_2
pets,rulebased,meta-llama/llama-4-scout,2,1,1,3,2,2,0,1.0000,6.4453,3.2209,2.9537,0,datasets/pets/rulebased/N2_K1_Q1/run_3
pets,rulebased,meta-llama/llama-4-scout,2,1,1,4,2,2,0,1.0000,5.8308,2.9111,2.6776,0,datasets/pets/rulebased/N2_K1_Q1/run_4
pets,rulebased,meta-llama/llama-4-scout,2,1,1,5,2,2,0,1.0000,9.0514,4.5181,4.2482,0,datasets/pets/rulebased/N2_K1_Q1/run_5
pets,rulebased,meta-llama/llama-4-scout,2,5,1,0,2,2,0,1.0000,9.6713,4.8187,3.6208,0,datasets/pets/rulebased/N2_K5_Q1/run_0
pets,rulebased,meta-llama/llama-4-scout,2,5,1,1,2,2,0,1.0000,7.4606,3.7252,2.6284,0,datasets/pets/rulebased/N2_K5_Q1/run_1
pets,rulebased,meta-llama/llama-4-scout,2,5,1,2,2,2,0,1.0000,6.9476,3.4687,2.7109,0,datasets/pets/rulebased/N2_K5_Q1/run_2
pets,rulebased,meta-llama/llama-4-scout,2,5,1,3,2,2,0,1.0000,8.1291,4.0591,2.9739,0,datasets/pets/rulebased/N2_K5_Q1/run_3
pets,rulebased,meta-llama/llama-4-scout,2,5,1,4,2,2,0,1.0000,8.1432,4.0688,2.9682,0,datasets/pets/rulebased/N2_K5_Q1/run_4
pets,rulebased,meta-llama/llama-4-scout,2,5,1,5,2,2,0,1.0000,10.2773,5.1328,4.0469,0,datasets/pets/rulebased/N2_K5_Q1/run_5
pets,rulebased,meta-llama/llama-4-scout,3,1,1,0,2,3,0,0.6667,10.6664,3.5521,3.1849,0,datasets/pets/rulebased/N3_K1_Q1/run_0
pets,rulebased,meta-llama/llama-4-scout,3,1,1,1,2,3,0,0.6667,9.0973,3.0311,2.6824,0,datasets/pets/rulebased/N3_K1_Q1/run_1
pets,rulebased,meta-llama/llama-4-scout,3,1,1,2,3,3,0,1.0000,10.7227,3.5719,3.1242,0,datasets/pets/rulebased/N3_K1_Q1/run_2
pets,rulebased,meta-llama/llama-4-scout,3,1,1,3,3,3,0,1.0000,10.0314,3.3415,3.0894,0,datasets/pets/rulebased/N3_K1_Q1/run_3
pets,rulebased,meta-llama/llama-4-scout,3,5,1,0,3,3,0,1.0000,13.9815,4.6574,3.1375,0,datasets/pets/rulebased/N3_K5_Q1/run_0
pets,rulebased,meta-llama/llama-4-scout,3,5,1,1,3,3,0,1.0000,14.6593,4.8807,3.3901,0,datasets/pets/rulebased/N3_K5_Q1/run_1
pets,rulebased,meta-llama/llama-4-scout,3,5,1,2,3,3,0,1.0000,15.5317,5.1753,3.4377,0,datasets/pets/rulebased/N3_K5_Q1/run_2
pets,rulebased,meta-llama/llama-4-scout,3,5,1,3,3,3,0,1.0000,15.0334,5.0033,3.6511,0,datasets/pets/rulebased/N3_K5_Q1/run_3
pets,rulebased,meta-llama/llama-4-scout,4,1,1,0,3,4,0,0.7500,20.1519,5.0366,4.5266,0,datasets/pets/rulebased/N4_K1_Q1/run_0
pets,rulebased,meta-llama/llama-4-scout,4,1,1,1,3,4,0,0.7500,20.5668,5.1404,4.7338,0,datasets/pets/rulebased/N4_K1_Q1/run_1
pets,rulebased,meta-llama/llama-4-scout,4,1,1,2,3,4,0,0.7500,16.8407,4.2063,3.7444,0,datasets/pets/rulebased/N4_K1_Q1/run_2
pets,rulebased,meta-llama/llama-4-scout,4,5,1,0,3,4,0,0.7500,29.2418,7.3056,5.2219,0,datasets/pets/rulebased/N4_K5_Q1/run_0
pets,rulebased,meta-llama/llama-4-scout,4,5,1,1,3,4,0,0.7500,22.7578,5.6845,3.7896,0,datasets/pets/rulebased/N4_K5_Q1/run_1
pets,rulebased,meta-llama/llama-4-scout,4,5,1,2,4,4,0,1.0000,23.4833,5.8669,3.8602,0,datasets/pets/rulebased/N4_K5_Q1/run_2
pets,axioms_ontology_v2,meta-llama/llama-4-scout,2,1,1,0,2,2,0,1.0000,6.3399,3.1616,2.8864,0,datasets/pets/axioms_ontology_v2/N2_K1_Q1/run_0
pets,axioms_ontology_v2,meta-llama/llama-4-scout,2,1,1,1,1,2,0,0.5000,4.8501,2.4082,2.0986,0,datasets/pets/axioms_ontology_v2/N2_K1_Q1/run_1
pets,axioms_ontology_v2,meta-llama/llama-4-scout,2,1,1,2,2,2,0,1.0000,4.7438,2.3686,2.1125,0,datasets/pets/axioms_ontology_v2/N2_K1_Q1/run_2
pets,axioms_ontology_v2,meta-llama/llama-4-scout,2,1,1,3,2,2,0,1.0000,5.1776,2.5813,2.2877,0,datasets/pets/axioms_ontology_v2/N2_K1_Q1/run_3
pets,axioms_ontology_v2,meta-llama/llama-4-scout,2,1,1,4,2,2,0,1.0000,1.9112,0.9495,0.6839,0,datasets/pets/axioms_ontology_v2/N2_K1_Q1/run_4
pets,axioms_ontology_v2,meta-llama/llama-4-scout,2,1,1,5,2,2,0,1.0000,4.7767,2.3798,2.1075,0,datasets/pets/axioms_ontology_v2/N2_K1_Q1/run_5
pets,axioms_ontology_v2,meta-llama/llama-4-scout,2,5,1,0,2,2,0,1.0000,10.3875,5.1907,4.1120,0,datasets/pets/axioms_ontology_v2/N2_K5_Q1/run_0
pets,axioms_ontology_v2,meta-llama/llama-4-scout,2,5,1,1,2,2,0,1.0000,7.9051,3.9428,2.8117,0,datasets/pets/axioms_ontology_v2/N2_K5_Q1/run_1
pets,axioms_ontology_v2,meta-llama/llama-4-scout,2,5,1,2,2,2,0,1.0000,8.6968,4.3441,3.2418,0,datasets/pets/axioms_ontology_v2/N2_K5_Q1/run_2
pets,axioms_ontology_v2,meta-llama/llama-4-scout,2,5,1,3,2,2,0,1.0000,8.6307,4.2750,3.0126,0,datasets/pets/axioms_ontology_v2/N2_K5_Q1/run_3
pets,axioms_ontology_v2,meta-llama/llama-4-scout,2,5,1,4,2,2,0,1.0000,9.0294,4.5099,3.6010,0,datasets/pets/axioms_ontology_v2/N2_K5_Q1/run_4
pets,axioms_ontology_v2,meta-llama/llama-4-scout,2,5,1,5,2,2,0,1.0000,7.7078,3.8445,2.7707,0,datasets/pets/axioms_ontology_v2/N2_K5_Q1/run_5
pets,axioms_ontology_v2,meta-llama/llama-4-scout,3,1,1,0,1,3,0,0.3333,8.1044,2.6981,2.3044,0,datasets/pets/axioms_ontology_v2/N3_K1_Q1/run_0
pets,axioms_ontology_v2,meta-llama/llama-4-scout,3,1,1,1,1,3,0,0.3333,9.3535,3.1149,2.6697,0,datasets/pets/axioms_ontology_v2/N3_K1_Q1/run_1
pets,axioms_ontology_v2,meta-llama/llama-4-scout,3,1,1,2,1,3,0,0.3333,7.4043,2.4566,2.1221,0,datasets/pets/axioms_ontology_v2/N3_K1_Q1/run_2
pets,axioms_ontology_v2,meta-llama/llama-4-scout,3,1,1,3,3,3,0,1.0000,4.9063,1.6338,1.2571,0,datasets/pets/axioms_ontology_v2/N3_K1_Q1/run_3
pets,axioms_ontology_v2,meta-llama/llama-4-scout,3,5,1,0,3,3,0,1.0000,14.0519,4.6766,3.2165,0,datasets/pets/axioms_ontology_v2/N3_K5_Q1/run_0
pets,axioms_ontology_v2,meta-llama/llama-4-scout,3,5,1,1,3,3,0,1.0000,13.6844,4.5562,3.0658,0,datasets/pets/axioms_ontology_v2/N3_K5_Q1/run_1
pets,axioms_ontology_v2,meta-llama/llama-4-scout,3,5,1,2,3,3,0,1.0000,14.2661,4.7516,3.3473,0,datasets/pets/axioms_ontology_v2/N3_K5_Q1/run_2
pets,axioms_ontology_v2,meta-llama/llama-4-scout,3,5,1,3,3,3,0,1.0000,13.5973,4.5303,2.8641,0,datasets/pets/axioms_ontology_v2/N3_K5_Q1/run_3
pets,axioms_ontology_v2,meta-llama/llama-4-scout,4,1,1,0,4,4,0,1.0000,9.0866,2.2672,1.8544,0,datasets/pets/axioms_ontology_v2/N4_K1_Q1/run_0
pets,axioms_ontology_v2,meta-llama/llama-4-scout,4,1,1,1,4,4,0,1.0000,15.9106,3.9745,3.4362,0,datasets/pets/axioms_ontology_v2/N4_K1_Q1/run_1
pets,axioms_ontology_v2,meta-llama/llama-4-scout,4,1,1,2,4,4,0,1.0000,11.0103,2.7403,2.2097,0,datasets/pets/axioms_ontology_v2/N4_K1_Q1/run_2
pets,axioms_ontology_v2,meta-llama/llama-4-scout,4,5,1,0,4,4,0,1.0000,23.1601,5.7718,3.8696,0,datasets/pets/axioms_ontology_v2/N4_K5_Q1/run_0
pets,axioms_ontology_v2,meta-llama/llama-4-scout,4,5,1,1,4,4,0,1.0000,20.1789,5.0417,3.1831,0,datasets/pets/axioms_ontology_v2/N4_K5_Q1/run_1
pets,axioms_ontology_v2,meta-llama/llama-4-scout,4,5,1,2,4,4,0,1.0000,18.5782,4.6323,3.0175,0,datasets/pets/axioms_ontology_v2/N4_K5_Q1/run_2
cifar10,classification,meta-llama/llama-4-scout,2,1,1,0,2,2,0,1.0000,0.6390,0.3156,0.2510,0,datasets/cifar10/classification/N2_K1_Q1/run_0
cifar10,classification,meta-llama/llama-4-scout,2,1,1,1,1,2,0,0.5000,1.1759,0.5743,0.5419,0,datasets/cifar10/classification/N2_K1_Q1/run_1
cifar10,classification,meta-llama/llama-4-scout,2,1,1,2,2,2,0,1.0000,1.0309,0.5105,0.4541,0,datasets/cifar10/classification/N2_K1_Q1/run_2
cifar10,classification,meta-llama/llama-4-scout,2,1,1,3,2,2,0,1.0000,1.1134,0.5462,0.4945,0,datasets/cifar10/classification/N2_K1_Q1/run_3
cifar10,classification,meta-llama/llama-4-scout,2,1,1,4,2,2,0,1.0000,1.4417,0.7123,0.6656,0,datasets/cifar10/classification/N2_K1_Q1/run_4
cifar10,classification,meta-llama/llama-4-scout,2,1,1,5,2,2,0,1.0000,1.5188,0.7549,0.7287,0,datasets/cifar10/classification/N2_K1_Q1/run_5
cifar10,classification,meta-llama/llama-4-scout,2,5,1,0,2,2,0,1.0000,1.8315,0.9076,0.7230,0,datasets/cifar10/classification/N2_K5_Q1/run_0
cifar10,classification,meta-llama/llama-4-scout,2,5,1,1,2,2,0,1.0000,2.3828,1.1721,0.9012,0,datasets/cifar10/classification/N2_K5_Q1/run_1
cifar10,classification,meta-llama/llama-4-scout,2,5,1,2,2,2,0,1.0000,2.9995,1.4282,1.2207,0,datasets/cifar10/classification/N2_K5_Q1/run_2
cifar10,classification,meta-llama/llama-4-scout,2,5,1,3,2,2,0,1.0000,1.7903,0.8894,0.6166,0,datasets/cifar10/classification/N2_K5_Q1/run_3
cifar10,classification,meta-llama/llama-4-scout,2,5,1,4,2,2,0,1.0000,3.7485,1.8606,1.5236,0,datasets/cifar10/classification/N2_K5_Q1/run_4
cifar10,classification,meta-llama/llama-4-scout,2,5,1,5,2,2,0,1.0000,2.7031,1.3477,1.0407,0,datasets/cifar10/classification/N2_K5_Q1/run_5
cifar10,classification,meta-llama/llama-4-scout,3,1,1,0,3,3,0,1.0000,1.7822,0.5918,0.5003,0,datasets/cifar10/classification/N3_K1_Q1/run_0
cifar10,classification,meta-llama/llama-4-scout,3,1,1,1,2,3,0,0.6667,1.9521,0.6469,0.5917,0,datasets/cifar10/classification/N3_K1_Q1/run_1
cifar10,classification,meta-llama/llama-4-scout,3,1,1,2,3,3,0,1.0000,2.6070,0.8651,0.7403,0,datasets/cifar10/classification/N3_K1_Q1/run_2
cifar10,classification,meta-llama/llama-4-scout,3,1,1,3,1,3,0,0.3333,2.7533,0.9133,0.8573,0,datasets/cifar10/classification/N3_K1_Q1/run_3
cifar10,classification,meta-llama/llama-4-scout,3,5,1,0,3,3,0,1.0000,3.6000,1.1857,0.8429,0,datasets/cifar10/classification/N3_K5_Q1/run_0
cifar10,classification,meta-llama/llama-4-scout,3,5,1,1,3,3,0,1.0000,3.9076,1.2900,0.9627,0,datasets/cifar10/classification/N3_K5_Q1/run_1
cifar10,classification,meta-llama/llama-4-scout,3,5,1,2,3,3,0,1.0000,3.9030,1.2868,0.9586,0,datasets/cifar10/classification/N3_K5_Q1/run_2
cifar10,classification,meta-llama/llama-4-scout,3,5,1,3,3,3,0,1.0000,4.6920,1.5612,1.1946,0,datasets/cifar10/classification/N3_K5_Q1/run_3
cifar10,classification,meta-llama/llama-4-scout,4,1,1,0,1,4,0,0.2500,2.5564,0.6255,0.5048,0,datasets/cifar10/classification/N4_K1_Q1/run_0
cifar10,classification,meta-llama/llama-4-scout,4,1,1,1,3,4,0,0.7500,4.0070,0.9972,0.8753,0,datasets/cifar10/classification/N4_K1_Q1/run_1
cifar10,classification,meta-llama/llama-4-scout,4,1,1,2,3,4,0,0.7500,2.3597,0.5885,0.4985,0,datasets/cifar10/classification/N4_K1_Q1/run_2
cifar10,classification,meta-llama/llama-4-scout,4,5,1,0,4,4,0,1.0000,5.0063,1.2493,0.8833,0,datasets/cifar10/classification/N4_K5_Q1/run_0
cifar10,classification,meta-llama/llama-4-scout,4,5,1,1,4,4,0,1.0000,5.5594,1.3815,0.9365,0,datasets/cifar10/classification/N4_K5_Q1/run_1
cifar10,classification,meta-llama/llama-4-scout,4,5,1,2,4,4,0,1.0000,4.5003,1.1151,0.6779,0,datasets/cifar10/classification/N4_K5_Q1/run_2
cifar10,nle,meta-llama/llama-4-scout,2,1,1,0,2,2,0,1.0000,3.7514,1.8696,1.8026,0,datasets/cifar10/nle/N2_K1_Q1/run_0
cifar10,nle,meta-llama/llama-4-scout,2,1,1,1,1,2,0,0.5000,2.1191,1.0574,0.9639,0,datasets/cifar10/nle/N2_K1_Q1/run_1
cifar10,nle,meta-llama/llama-4-scout,2,1,1,2,2,2,0,1.0000,4.0855,2.0350,1.9880,0,datasets/cifar10/nle/N2_K1_Q1/run_2
cifar10,nle,meta-llama/llama-4-scout,2,1,1,3,2,2,0,1.0000,3.5386,1.7627,1.6946,0,datasets/cifar10/nle/N2_K1_Q1/run_3
cifar10,nle,meta-llama/llama-4-scout,2,1,1,4,2,2,0,1.0000,2.2294,1.0941,1.0344,0,datasets/cifar10/nle/N2_K1_Q1/run_4
cifar10,nle,meta-llama/llama-4-scout,2,1,1,5,2,2,0,1.0000,3.9034,1.9450,1.8859,0,datasets/cifar10/nle/N2_K1_Q1/run_5
cifar10,nle,meta-llama/llama-4-scout,2,5,1,0,2,2,0,1.0000,3.9473,1.9684,1.7515,0,datasets/cifar10/nle/N2_K5_Q1/run_0
cifar10,nle,meta-llama/llama-4-scout,2,5,1,1,2,2,0,1.0000,3.6436,1.8106,1.5722,0,datasets/cifar10/nle/N2_K5_Q1/run_1
cifar10,nle,meta-llama/llama-4-scout,2,5,1,2,2,2,0,1.0000,4.4204,2.1868,1.9485,0,datasets/cifar10/nle/N2_K5_Q1/run_2
cifar10,nle,meta-llama/llama-4-scout,2,5,1,3,2,2,0,1.0000,4.4136,2.1891,1.9223,0,datasets/cifar10/nle/N2_K5_Q1/run_3
cifar10,nle,meta-llama/llama-4-scout,2,5,1,4,2,2,0,1.0000,3.6661,1.8304,1.6287,0,datasets/cifar10/nle/N2_K5_Q1/run_4
cifar10,nle,meta-llama/llama-4-scout,2,5,1,5,2,2,0,1.0000,3.8746,1.9187,1.6781,0,datasets/cifar10/nle/N2_K5_Q1/run_5
cifar10,nle,meta-llama/llama-4-scout,3,1,1,0,3,3,0,1.0000,5.7935,1.9260,1.8244,0,datasets/cifar10/nle/N3_K1_Q1/run_0
cifar10,nle,meta-llama/llama-4-scout,3,1,1,1,2,3,0,0.6667,6.4663,2.1445,2.0542,0,datasets/cifar10/nle/N3_K1_Q1/run_1
cifar10,nle,meta-llama/llama-4-scout,3,1,1,2,2,3,0,0.6667,6.4355,2.1244,2.0684,0,datasets/cifar10/nle/N3_K1_Q1/run_2
cifar10,nle,meta-llama/llama-4-scout,3,1,1,3,2,3,0,0.6667,9.4396,3.1419,3.0588,0,datasets/cifar10/nle/N3_K1_Q1/run_3
cifar10,nle,meta-llama/llama-4-scout,3,5,1,0,3,3,0,1.0000,8.0528,2.6658,2.3244,0,datasets/cifar10/nle/N3_K5_Q1/run_0
cifar10,nle,meta-llama/llama-4-scout,3,5,1,1,3,3,0,1.0000,6.4656,2.1463,1.8784,0,datasets/cifar10/nle/N3_K5_Q1/run_1
cifar10,nle,meta-llama/llama-4-scout,3,5,1,2,3,3,0,1.0000,6.0911,2.0232,1.7131,0,datasets/cifar10/nle/N3_K5_Q1/run_2
cifar10,nle,meta-llama/llama-4-scout,3,5,1,3,3,3,0,1.0000,7.1966,2.3896,2.2285,0,datasets/cifar10/nle/N3_K5_Q1/run_3
cifar10,nle,meta-llama/llama-4-scout,4,1,1,0,3,4,0,0.7500,6.6688,1.6613,1.5766,0,datasets/cifar10/nle/N4_K1_Q1/run_0
cifar10,nle,meta-llama/llama-4-scout,4,1,1,1,3,4,0,0.7500,5.6428,1.4015,1.3091,0,datasets/cifar10/nle/N4_K1_Q1/run_1
cifar10,nle,meta-llama/llama-4-scout,4,1,1,2,4,4,0,1.0000,7.4703,1.8567,1.7769,0,datasets/cifar10/nle/N4_K1_Q1/run_2
cifar10,nle,meta-llama/llama-4-scout,4,5,1,0,4,4,0,1.0000,11.0094,2.7366,2.3073,0,datasets/cifar10/nle/N4_K5_Q1/run_0
cifar10,nle,meta-llama/llama-4-scout,4,5,1,1,4,4,0,1.0000,11.2837,2.8081,2.3930,0,datasets/cifar10/nle/N4_K5_Q1/run_1
cifar10,nle,meta-llama/llama-4-scout,4,5,1,2,4,4,0,1.0000,9.0096,2.2457,1.8225,0,datasets/cifar10/nle/N4_K5_Q1/run_2
cifar10,features,meta-llama/llama-4-scout,2,1,1,0,2,2,0,1.0000,1.6574,0.8222,0.7545,0,datasets/cifar10/features/N2_K1_Q1/run_0
cifar10,features,meta-llama/llama-4-scout,2,1,1,1,1,2,0,0.5000,2.1620,1.0756,1.0222,0,datasets/cifar10/features/N2_K1_Q1/run_1
cifar10,features,meta-llama/llama-4-scout,2,1,1,2,2,2,0,1.0000,1.7891,0.8748,0.8377,0,datasets/cifar10/features/N2_K1_Q1/run_2
cifar10,features,meta-llama/llama-4-scout,2,1,1,3,2,2,0,1.0000,1.9157,0.9547,0.8856,0,datasets/cifar10/features/N2_K1_Q1/run_3
cifar10,features,meta-llama/llama-4-scout,2,1,1,4,2,2,0,1.0000,1.7367,0.8654,0.8171,0,datasets/cifar10/features/N2_K1_Q1/run_4
cifar10,features,meta-llama/llama-4-scout,2,1,1,5,2,2,0,1.0000,1.8547,0.9227,0.8826,0,datasets/cifar10/features/N2_K1_Q1/run_5
cifar10,features,meta-llama/llama-4-scout,2,5,1,0,2,2,0,1.0000,2.2812,1.1269,0.8933,0,datasets/cifar10/features/N2_K5_Q1/run_0
cifar10,features,meta-llama/llama-4-scout,2,5,1,1,2,2,0,1.0000,2.3704,1.1719,0.9754,0,datasets/cifar10/features/N2_K5_Q1/run_1
cifar10,features,meta-llama/llama-4-scout,2,5,1,2,2,2,0,1.0000,2.2084,1.0987,0.8490,0,datasets/cifar10/features/N2_K5_Q1/run_2
cifar10,features,meta-llama/llama-4-scout,2,5,1,3,2,2,0,1.0000,2.5558,1.2617,1.0171,0,datasets/cifar10/features/N2_K5_Q1/run_3
cifar10,features,meta-llama/llama-4-scout,2,5,1,4,2,2,0,1.0000,2.4305,1.2127,1.0134,0,datasets/cifar10/features/N2_K5_Q1/run_4
cifar10,features,meta-llama/llama-4-scout,2,5,1,5,2,2,0,1.0000,3.9732,1.9813,1.7664,0,datasets/cifar10/features/N2_K5_Q1/run_5
cifar10,features,meta-llama/llama-4-scout,3,1,1,0,3,3,0,1.0000,3.3159,1.1018,1.0358,0,datasets/cifar10/features/N3_K1_Q1/run_0
cifar10,features,meta-llama/llama-4-scout,3,1,1,1,2,3,0,0.6667,3.1894,1.0588,0.9918,0,datasets/cifar10/features/N3_K1_Q1/run_1
cifar10,features,meta-llama/llama-4-scout,3,1,1,2,3,3,0,1.0000,2.7429,0.8991,0.8213,0,datasets/cifar10/features/N3_K1_Q1/run_2
cifar10,features,meta-llama/llama-4-scout,3,1,1,3,2,3,0,0.6667,2.8246,0.9398,0.8785,0,datasets/cifar10/features/N3_K1_Q1/run_3
cifar10,features,meta-llama/llama-4-scout,3,5,1,0,3,3,0,1.0000,4.0567,1.3465,0.9381,0,datasets/cifar10/features/N3_K5_Q1/run_0
cifar10,features,meta-llama/llama-4-scout,3,5,1,1,3,3,0,1.0000,5.3396,1.7732,1.3835,0,datasets/cifar10/features/N3_K5_Q1/run_1
cifar10,features,meta-llama/llama-4-scout,3,5,1,2,3,3,0,1.0000,3.7515,1.2423,0.9114,0,datasets/cifar10/features/N3_K5_Q1/run_2
cifar10,features,meta-llama/llama-4-scout,3,5,1,3,3,3,0,1.0000,5.0182,1.6649,1.3595,0,datasets/cifar10/features/N3_K5_Q1/run_3
cifar10,features,meta-llama/llama-4-scout,4,1,1,0,2,4,0,0.5000,3.6995,0.9187,0.8191,0,datasets/cifar10/features/N4_K1_Q1/run_0
cifar10,features,meta-llama/llama-4-scout,4,1,1,1,3,4,0,0.7500,3.3712,0.8308,0.7319,0,datasets/cifar10/features/N4_K1_Q1/run_1
cifar10,features,meta-llama/llama-4-scout,4,1,1,2,3,4,0,0.7500,3.2940,0.8205,0.7291,0,datasets/cifar10/features/N4_K1_Q1/run_2
cifar10,features,meta-llama/llama-4-scout,4,5,1,0,4,4,0,1.0000,4.9159,1.2195,1.1649,0,datasets/cifar10/features/N4_K5_Q1/run_0
cifar10,features,meta-llama/llama-4-scout,4,5,1,1,4,4,0,1.0000,7.3363,1.8257,1.3415,0,datasets/cifar10/features/N4_K5_Q1/run_1
cifar10,features,meta-llama/llama-4-scout,4,5,1,2,4,4,0,1.0000,7.6967,1.9220,1.4630,0,datasets/cifar10/features/N4_K5_Q1/run_2
cifar10,rulebased,meta-llama/llama-4-scout,2,1,1,0,2,2,0,1.0000,5.2963,2.6420,2.5751,0,datasets/cifar10/rulebased/N2_K1_Q1/run_0
cifar10,rulebased,meta-llama/llama-4-scout,2,1,1,1,1,2,0,0.5000,4.4216,2.1899,2.1428,0,datasets/cifar10/rulebased/N2_K1_Q1/run_1
cifar10,rulebased,meta-llama/llama-4-scout,2,1,1,2,1,2,0,0.5000,4.0058,1.9804,1.9128,0,datasets/cifar10/rulebased/N2_K1_Q1/run_2
cifar10,rulebased,meta-llama/llama-4-scout,2,1,1,3,2,2,0,1.0000,3.0532,1.5030,1.4589,0,datasets/cifar10/rulebased/N2_K1_Q1/run_3
cifar10,rulebased,meta-llama/llama-4-scout,2,1,1,4,2,2,0,1.0000,2.8572,1.4254,1.3953,0,datasets/cifar10/rulebased/N2_K1_Q1/run_4
cifar10,rulebased,meta-llama/llama-4-scout,2,1,1,5,2,2,0,1.0000,5.5571,2.7636,2.6912,0,datasets/cifar10/rulebased/N2_K1_Q1/run_5
cifar10,rulebased,meta-llama/llama-4-scout,2,5,1,0,2,2,0,1.0000,6.7969,3.3842,3.1120,0,datasets/cifar10/rulebased/N2_K5_Q1/run_0
cifar10,rulebased,meta-llama/llama-4-scout,2,5,1,1,2,2,0,1.0000,5.0737,2.5221,2.4636,0,datasets/cifar10/rulebased/N2_K5_Q1/run_1
cifar10,rulebased,meta-llama/llama-4-scout,2,5,1,2,2,2,0,1.0000,5.2750,2.6285,2.4649,0,datasets/cifar10/rulebased/N2_K5_Q1/run_2
cifar10,rulebased,meta-llama/llama-4-scout,2,5,1,3,2,2,0,1.0000,4.9006,2.4454,2.2484,0,datasets/cifar10/rulebased/N2_K5_Q1/run_3
cifar10,rulebased,meta-llama/llama-4-scout,2,5,1,4,2,2,0,1.0000,4.9021,2.4487,2.2464,0,datasets/cifar10/rulebased/N2_K5_Q1/run_4
cifar10,rulebased,meta-llama/llama-4-scout,2,5,1,5,2,2,0,1.0000,5.7326,2.8479,2.6360,0,datasets/cifar10/rulebased/N2_K5_Q1/run_5
cifar10,rulebased,meta-llama/llama-4-scout,3,1,1,0,2,3,0,0.6667,8.2200,2.7343,2.6780,0,datasets/cifar10/rulebased/N3_K1_Q1/run_0
cifar10,rulebased,meta-llama/llama-4-scout,3,1,1,1,1,3,0,0.3333,5.6378,1.8741,1.7973,0,datasets/cifar10/rulebased/N3_K1_Q1/run_1
cifar10,rulebased,meta-llama/llama-4-scout,3,1,1,2,3,3,0,1.0000,4.8532,1.6151,1.5037,0,datasets/cifar10/rulebased/N3_K1_Q1/run_2
cifar10,rulebased,meta-llama/llama-4-scout,3,1,1,3,2,3,0,0.6667,10.0614,3.3521,3.2655,0,datasets/cifar10/rulebased/N3_K1_Q1/run_3
cifar10,rulebased,meta-llama/llama-4-scout,3,5,1,0,3,3,0,1.0000,9.7168,3.2311,2.9067,0,datasets/cifar10/rulebased/N3_K5_Q1/run_0
cifar10,rulebased,meta-llama/llama-4-scout,3,5,1,1,3,3,0,1.0000,8.1149,2.7008,2.3706,0,datasets/cifar10/rulebased/N3_K5_Q1/run_1
cifar10,rulebased,meta-llama/llama-4-scout,3,5,1,2,2,3,0,0.6667,10.8544,3.6108,3.3847,0,datasets/cifar10/rulebased/N3_K5_Q1/run_2
cifar10,rulebased,meta-llama/llama-4-scout,3,5,1,3,3,3,0,1.0000,10.9094,3.6293,3.2803,0,datasets/cifar10/rulebased/N3_K5_Q1/run_3
cifar10,rulebased,meta-llama/llama-4-scout,4,1,1,0,3,4,0,0.7500,9.2919,2.3197,2.2229,0,datasets/cifar10/rulebased/N4_K1_Q1/run_0
cifar10,rulebased,meta-llama/llama-4-scout,4,1,1,1,3,4,0,0.7500,10.9307,2.7310,2.6463,0,datasets/cifar10/rulebased/N4_K1_Q1/run_1
cifar10,rulebased,meta-llama/llama-4-scout,4,1,1,2,4,4,0,1.0000,10.3937,2.5898,2.4662,0,datasets/cifar10/rulebased/N4_K1_Q1/run_2
cifar10,rulebased,meta-llama/llama-4-scout,4,5,1,0,3,4,0,0.7500,15.7047,3.9177,3.3763,0,datasets/cifar10/rulebased/N4_K5_Q1/run_0
cifar10,rulebased,meta-llama/llama-4-scout,4,5,1,1,3,4,0,0.7500,16.4892,4.1200,3.7274,0,datasets/cifar10/rulebased/N4_K5_Q1/run_1
cifar10,rulebased,meta-llama/llama-4-scout,4,5,1,2,4,4,0,1.0000,11.8174,2.9420,2.5727,0,datasets/cifar10/rulebased/N4_K5_Q1/run_2
cifar10,axioms_ontology_v2,meta-llama/llama-4-scout,2,1,1,0,2,2,0,1.0000,3.9297,1.9609,1.9022,0,datasets/cifar10/axioms_ontology_v2/N2_K1_Q1/run_0
cifar10,axioms_ontology_v2,meta-llama/llama-4-scout,2,1,1,1,2,2,0,1.0000,5.1253,2.5516,2.4454,0,datasets/cifar10/axioms_ontology_v2/N2_K1_Q1/run_1
cifar10,axioms_ontology_v2,meta-llama/llama-4-scout,2,1,1,2,2,2,0,1.0000,3.5834,1.7866,1.7451,0,datasets/cifar10/axioms_ontology_v2/N2_K1_Q1/run_2
cifar10,axioms_ontology_v2,meta-llama/llama-4-scout,2,1,1,3,2,2,0,1.0000,4.2751,2.1172,2.0635,0,datasets/cifar10/axioms_ontology_v2/N2_K1_Q1/run_3
cifar10,axioms_ontology_v2,meta-llama/llama-4-scout,2,1,1,4,2,2,0,1.0000,3.8707,1.9252,1.8703,0,datasets/cifar10/axioms_ontology_v2/N2_K1_Q1/run_4
cifar10,axioms_ontology_v2,meta-llama/llama-4-scout,2,1,1,5,2,2,0,1.0000,2.7900,1.3866,1.3396,0,datasets/cifar10/axioms_ontology_v2/N2_K1_Q1/run_5
cifar10,axioms_ontology_v2,meta-llama/llama-4-scout,2,5,1,0,2,2,0,1.0000,4.9523,2.4516,2.2940,0,datasets/cifar10/axioms_ontology_v2/N2_K5_Q1/run_0
cifar10,axioms_ontology_v2,meta-llama/llama-4-scout,2,5,1,1,2,2,0,1.0000,5.5047,2.7286,2.5338,0,datasets/cifar10/axioms_ontology_v2/N2_K5_Q1/run_1
cifar10,axioms_ontology_v2,meta-llama/llama-4-scout,2,5,1,2,2,2,0,1.0000,4.1002,2.0236,1.7671,0,datasets/cifar10/axioms_ontology_v2/N2_K5_Q1/run_2
cifar10,axioms_ontology_v2,meta-llama/llama-4-scout,2,5,1,3,2,2,0,1.0000,3.9594,1.9703,1.7494,0,datasets/cifar10/axioms_ontology_v2/N2_K5_Q1/run_3
cifar10,axioms_ontology_v2,meta-llama/llama-4-scout,2,5,1,4,2,2,0,1.0000,4.5319,2.2576,2.0377,0,datasets/cifar10/axioms_ontology_v2/N2_K5_Q1/run_4
cifar10,axioms_ontology_v2,meta-llama/llama-4-scout,2,5,1,5,2,2,0,1.0000,3.6206,1.8053,1.5887,0,datasets/cifar10/axioms_ontology_v2/N2_K5_Q1/run_5
cifar10,axioms_ontology_v2,meta-llama/llama-4-scout,3,1,1,0,2,3,0,0.6667,9.2212,3.0593,2.9798,0,datasets/cifar10/axioms_ontology_v2/N3_K1_Q1/run_0
cifar10,axioms_ontology_v2,meta-llama/llama-4-scout,3,1,1,1,2,3,0,0.6667,7.4396,2.4643,2.4050,0,datasets/cifar10/axioms_ontology_v2/N3_K1_Q1/run_1
cifar10,axioms_ontology_v2,meta-llama/llama-4-scout,3,1,1,2,2,3,0,0.6667,3.6878,1.2277,1.1597,0,datasets/cifar10/axioms_ontology_v2/N3_K1_Q1/run_2
cifar10,axioms_ontology_v2,meta-llama/llama-4-scout,3,1,1,3,2,3,0,0.6667,4.9789,1.6552,1.5651,0,datasets/cifar10/axioms_ontology_v2/N3_K1_Q1/run_3
cifar10,axioms_ontology_v2,meta-llama/llama-4-scout,3,5,1,0,2,3,0,0.6667,7.2851,2.4230,2.1419,0,datasets/cifar10/axioms_ontology_v2/N3_K5_Q1/run_0
cifar10,axioms_ontology_v2,meta-llama/llama-4-scout,3,5,1,1,3,3,0,1.0000,8.1486,2.7121,2.3808,0,datasets/cifar10/axioms_ontology_v2/N3_K5_Q1/run_1
cifar10,axioms_ontology_v2,meta-llama/llama-4-scout,3,5,1,2,3,3,0,1.0000,7.8131,2.5986,2.2594,0,datasets/cifar10/axioms_ontology_v2/N3_K5_Q1/run_2
cifar10,axioms_ontology_v2,meta-llama/llama-4-scout,3,5,1,3,3,3,0,1.0000,7.8139,2.5999,2.2369,0,datasets/cifar10/axioms_ontology_v2/N3_K5_Q1/run_3
cifar10,axioms_ontology_v2,meta-llama/llama-4-scout,4,1,1,0,2,4,0,0.5000,11.4822,2.8663,2.7635,0,datasets/cifar10/axioms_ontology_v2/N4_K1_Q1/run_0
cifar10,axioms_ontology_v2,meta-llama/llama-4-scout,4,1,1,1,2,4,0,0.5000,11.7376,2.9312,2.8597,0,datasets/cifar10/axioms_ontology_v2/N4_K1_Q1/run_1
cifar10,axioms_ontology_v2,meta-llama/llama-4-scout,4,1,1,2,4,4,0,1.0000,12.1013,3.0239,2.9278,0,datasets/cifar10/axioms_ontology_v2/N4_K1_Q1/run_2
cifar10,axioms_ontology_v2,meta-llama/llama-4-scout,4,5,1,0,4,4,0,1.0000,14.2567,3.5548,3.2070,0,datasets/cifar10/axioms_ontology_v2/N4_K5_Q1/run_0
cifar10,axioms_ontology_v2,meta-llama/llama-4-scout,4,5,1,1,3,4,0,0.7500,11.9615,2.9862,2.4955,0,datasets/cifar10/axioms_ontology_v2/N4_K5_Q1/run_1
cifar10,axioms_ontology_v2,meta-llama/llama-4-scout,4,5,1,2,4,4,0,1.0000,11.2193,2.8013,2.3558,0,datasets/cifar10/axioms_ontology_v2/N4_K5_Q1/run_2
dtd,classification,meta-llama/llama-4-scout,2,1,1,0,1,2,0,0.5000,1.9731,0.9789,0.6622,0,datasets/dtd/classification/N2_K1_Q1/run_0
dtd,classification,meta-llama/llama-4-scout,2,1,1,1,1,2,0,0.5000,2.4861,1.2379,0.9064,0,datasets/dtd/classification/N2_K1_Q1/run_1
dtd,classification,meta-llama/llama-4-scout,2,1,1,2,1,2,0,0.5000,1.8624,0.9256,0.6214,0,datasets/dtd/classification/N2_K1_Q1/run_2
dtd,classification,meta-llama/llama-4-scout,2,1,1,3,1,2,0,0.5000,1.6124,0.8035,0.5782,0,datasets/dtd/classification/N2_K1_Q1/run_3
dtd,classification,meta-llama/llama-4-scout,2,1,1,4,2,2,0,1.0000,1.8721,0.9345,0.7338,0,datasets/dtd/classification/N2_K1_Q1/run_4
dtd,classification,meta-llama/llama-4-scout,2,1,1,5,2,2,0,1.0000,1.7488,0.8695,0.5774,0,datasets/dtd/classification/N2_K1_Q1/run_5
dtd,classification,meta-llama/llama-4-scout,2,5,1,0,2,2,0,1.0000,3.9987,1.9961,0.9499,0,datasets/dtd/classification/N2_K5_Q1/run_0
dtd,classification,meta-llama/llama-4-scout,2,5,1,1,2,2,0,1.0000,3.8134,1.8641,0.7122,0,datasets/dtd/classification/N2_K5_Q1/run_1
dtd,classification,meta-llama/llama-4-scout,2,5,1,2,2,2,0,1.0000,3.1585,1.5755,0.8935,0,datasets/dtd/classification/N2_K5_Q1/run_2
dtd,classification,meta-llama/llama-4-scout,2,5,1,3,2,2,0,1.0000,3.4639,1.7297,0.6880,0,datasets/dtd/classification/N2_K5_Q1/run_3
dtd,classification,meta-llama/llama-4-scout,2,5,1,4,2,2,0,1.0000,4.7843,2.3815,1.2006,0,datasets/dtd/classification/N2_K5_Q1/run_4
dtd,classification,meta-llama/llama-4-scout,2,5,1,5,2,2,0,1.0000,3.9453,1.9707,0.7073,0,datasets/dtd/classification/N2_K5_Q1/run_5
dtd,classification,meta-llama/llama-4-scout,3,1,1,0,2,3,0,0.6667,3.1655,1.0486,0.6687,0,datasets/dtd/classification/N3_K1_Q1/run_0
dtd,classification,meta-llama/llama-4-scout,3,1,1,1,2,3,0,0.6667,2.7645,0.9203,0.5526,0,datasets/dtd/classification/N3_K1_Q1/run_1
dtd,classification,meta-llama/llama-4-scout,3,1,1,2,3,3,0,1.0000,2.9875,0.9945,0.6594,0,datasets/dtd/classification/N3_K1_Q1/run_2
dtd,classification,meta-llama/llama-4-scout,3,1,1,3,2,3,0,0.6667,2.5344,0.8434,0.4687,0,datasets/dtd/classification/N3_K1_Q1/run_3
dtd,classification,meta-llama/llama-4-scout,3,5,1,0,3,3,0,1.0000,8.3199,2.7700,1.3003,0,datasets/dtd/classification/N3_K5_Q1/run_0
dtd,classification,meta-llama/llama-4-scout,3,5,1,1,2,3,0,0.6667,7.6350,2.5415,0.9520,0,datasets/dtd/classification/N3_K5_Q1/run_1
dtd,classification,meta-llama/llama-4-scout,3,5,1,2,2,3,0,0.6667,8.7519,2.9115,1.4641,0,datasets/dtd/classification/N3_K5_Q1/run_2
dtd,classification,meta-llama/llama-4-scout,3,5,1,3,2,3,0,0.6667,7.2441,2.4117,0.8483,0,datasets/dtd/classification/N3_K5_Q1/run_3
dtd,classification,meta-llama/llama-4-scout,4,1,1,0,2,4,0,0.5000,5.7054,1.4239,0.9426,0,datasets/dtd/classification/N4_K1_Q1/run_0
dtd,classification,meta-llama/llama-4-scout,4,1,1,1,3,4,0,0.7500,5.1064,1.2755,0.8280,0,datasets/dtd/classification/N4_K1_Q1/run_1
dtd,classification,meta-llama/llama-4-scout,4,1,1,2,3,4,0,0.7500,5.0421,1.2575,0.7233,0,datasets/dtd/classification/N4_K1_Q1/run_2
dtd,classification,meta-llama/llama-4-scout,4,5,1,0,3,4,0,0.7500,12.3950,3.0969,1.1348,0,datasets/dtd/classification/N4_K5_Q1/run_0
dtd,classification,meta-llama/llama-4-scout,4,5,1,1,1,4,0,0.2500,12.3423,3.0811,1.2061,0,datasets/dtd/classification/N4_K5_Q1/run_1
dtd,classification,meta-llama/llama-4-scout,4,5,1,2,4,4,0,1.0000,12.1200,3.0281,0.9953,0,datasets/dtd/classification/N4_K5_Q1/run_2
dtd,nle,meta-llama/llama-4-scout,2,1,1,0,2,2,0,1.0000,4.2940,2.1450,1.8086,0,datasets/dtd/nle/N2_K1_Q1/run_0
dtd,nle,meta-llama/llama-4-scout,2,1,1,1,1,2,0,0.5000,4.2407,2.1185,1.8338,0,datasets/dtd/nle/N2_K1_Q1/run_1
dtd,nle,meta-llama/llama-4-scout,2,1,1,2,1,2,0,0.5000,2.8416,1.4192,1.0730,0,datasets/dtd/nle/N2_K1_Q1/run_2
dtd,nle,meta-llama/llama-4-scout,2,1,1,3,1,2,0,0.5000,4.6102,2.2993,2.0735,0,datasets/dtd/nle/N2_K1_Q1/run_3
dtd,nle,meta-llama/llama-4-scout,2,1,1,4,2,2,0,1.0000,3.3490,1.6717,1.3881,0,datasets/dtd/nle/N2_K1_Q1/run_4
dtd,nle,meta-llama/llama-4-scout,2,1,1,5,2,2,0,1.0000,2.7526,1.3691,1.1413,0,datasets/dtd/nle/N2_K1_Q1/run_5
dtd,nle,meta-llama/llama-4-scout,2,5,1,0,2,2,0,1.0000,6.5177,3.2531,2.1527,0,datasets/dtd/nle/N2_K5_Q1/run_0
dtd,nle,meta-llama/llama-4-scout,2,5,1,1,2,2,0,1.0000,5.2191,2.5989,1.5614,0,datasets/dtd/nle/N2_K5_Q1/run_1
dtd,nle,meta-llama/llama-4-scout,2,5,1,2,2,2,0,1.0000,6.2759,3.1342,2.0842,0,datasets/dtd/nle/N2_K5_Q1/run_2
dtd,nle,meta-llama/llama-4-scout,2,5,1,3,2,2,0,1.0000,7.6866,3.8350,2.4934,0,datasets/dtd/nle/N2_K5_Q1/run_3
dtd,nle,meta-llama/llama-4-scout,2,5,1,4,2,2,0,1.0000,6.6987,3.3473,2.2561,0,datasets/dtd/nle/N2_K5_Q1/run_4
dtd,nle,meta-llama/llama-4-scout,2,5,1,5,2,2,0,1.0000,4.9924,2.4942,1.6404,0,datasets/dtd/nle/N2_K5_Q1/run_5
dtd,nle,meta-llama/llama-4-scout,3,1,1,0,3,3,0,1.0000,7.8364,2.6108,2.1950,0,datasets/dtd/nle/N3_K1_Q1/run_0
dtd,nle,meta-llama/llama-4-scout,3,1,1,1,2,3,0,0.6667,6.9767,2.3230,1.9306,0,datasets/dtd/nle/N3_K1_Q1/run_1
dtd,nle,meta-llama/llama-4-scout,3,1,1,2,3,3,0,1.0000,5.8670,1.9545,1.5560,0,datasets/dtd/nle/N3_K1_Q1/run_2
dtd,nle,meta-llama/llama-4-scout,3,1,1,3,2,3,0,0.6667,7.3747,2.4539,2.0714,0,datasets/dtd/nle/N3_K1_Q1/run_3
dtd,nle,meta-llama/llama-4-scout,3,5,1,0,3,3,0,1.0000,11.3430,3.7772,2.1481,0,datasets/dtd/nle/N3_K5_Q1/run_0
dtd,nle,meta-llama/llama-4-scout,3,5,1,1,2,3,0,0.6667,14.7768,4.9206,3.2813,0,datasets/dtd/nle/N3_K5_Q1/run_1
dtd,nle,meta-llama/llama-4-scout,3,5,1,2,2,3,0,0.6667,9.9759,3.3178,1.7921,0,datasets/dtd/nle/N3_K5_Q1/run_2
dtd,nle,meta-llama/llama-4-scout,3,5,1,3,2,3,0,0.6667,12.0770,3.9958,2.4562,0,datasets/dtd/nle/N3_K5_Q1/run_3
dtd,nle,meta-llama/llama-4-scout,4,1,1,0,2,4,0,0.5000,8.6513,2.1600,1.6845,0,datasets/dtd/nle/N4_K1_Q1/run_0
dtd,nle,meta-llama/llama-4-scout,4,1,1,1,4,4,0,1.0000,8.6138,2.1499,1.5683,0,datasets/dtd/nle/N4_K1_Q1/run_1
dtd,nle,meta-llama/llama-4-scout,4,1,1,2,2,4,0,0.5000,8.2336,2.0561,1.6751,0,datasets/dtd/nle/N4_K1_Q1/run_2
dtd,nle,meta-llama/llama-4-scout,4,5,1,0,2,4,0,0.5000,17.7409,4.4328,2.4674,0,datasets/dtd/nle/N4_K5_Q1/run_0
dtd,nle,meta-llama/llama-4-scout,4,5,1,1,1,4,0,0.2500,17.1196,4.2760,2.4102,0,datasets/dtd/nle/N4_K5_Q1/run_1
dtd,nle,meta-llama/llama-4-scout,4,5,1,2,4,4,0,1.0000,16.3754,4.0893,2.2937,0,datasets/dtd/nle/N4_K5_Q1/run_2
dtd,features,meta-llama/llama-4-scout,2,1,1,0,2,2,0,1.0000,1.5055,0.7508,0.4384,0,datasets/dtd/features/N2_K1_Q1/run_0
dtd,features,meta-llama/llama-4-scout,2,1,1,1,1,2,0,0.5000,1.9027,0.9497,0.6486,0,datasets/dtd/features/N2_K1_Q1/run_1
dtd,features,meta-llama/llama-4-scout,2,1,1,2,1,2,0,0.5000,2.1284,1.0603,0.8584,0,datasets/dtd/features/N2_K1_Q1/run_2
dtd,features,meta-llama/llama-4-scout,2,1,1,3,0,2,0,0.0000,3.6787,1.8376,1.5034,0,datasets/dtd/features/N2_K1_Q1/run_3
dtd,features,meta-llama/llama-4-scout,2,1,1,4,2,2,0,1.0000,3.4743,1.7354,1.4685,0,datasets/dtd/features/N2_K1_Q1/run_4
dtd,features,meta-llama/llama-4-scout,2,1,1,5,2,2,0,1.0000,2.4733,1.2294,0.9224,0,datasets/dtd/features/N2_K1_Q1/run_5
dtd,features,meta-llama/llama-4-scout,2,5,1,0,2,2,0,1.0000,3.8392,1.9150,0.8283,0,datasets/dtd/features/N2_K5_Q1/run_0
dtd,features,meta-llama/llama-4-scout,2,5,1,1,2,2,0,1.0000,4.5054,2.2504,1.0142,0,datasets/dtd/features/N2_K5_Q1/run_1
dtd,features,meta-llama/llama-4-scout,2,5,1,2,2,2,0,1.0000,5.1351,2.5638,1.3936,0,datasets/dtd/features/N2_K5_Q1/run_2
dtd,features,meta-llama/llama-4-scout,2,5,1,3,2,2,0,1.0000,5.3863,2.6817,1.6048,0,datasets/dtd/features/N2_K5_Q1/run_3
dtd,features,meta-llama/llama-4-scout,2,5,1,4,2,2,0,1.0000,4.1528,2.0718,1.3011,0,datasets/dtd/features/N2_K5_Q1/run_4
dtd,features,meta-llama/llama-4-scout,2,5,1,5,2,2,0,1.0000,4.7168,2.3522,1.1203,0,datasets/dtd/features/N2_K5_Q1/run_5
dtd,features,meta-llama/llama-4-scout,3,1,1,0,3,3,0,1.0000,4.2342,1.4072,1.0694,0,datasets/dtd/features/N3_K1_Q1/run_0
dtd,features,meta-llama/llama-4-scout,3,1,1,1,2,3,0,0.6667,4.0336,1.3416,0.9312,0,datasets/dtd/features/N3_K1_Q1/run_1
dtd,features,meta-llama/llama-4-scout,3,1,1,2,3,3,0,1.0000,3.9652,1.3190,0.8975,0,datasets/dtd/features/N3_K1_Q1/run_2
dtd,features,meta-llama/llama-4-scout,3,1,1,3,3,3,0,1.0000,3.1509,1.0478,0.6503,0,datasets/dtd/features/N3_K1_Q1/run_3
dtd,features,meta-llama/llama-4-scout,3,5,1,0,3,3,0,1.0000,8.4856,2.8265,1.2011,0,datasets/dtd/features/N3_K5_Q1/run_0
dtd,features,meta-llama/llama-4-scout,3,5,1,1,2,3,0,0.6667,8.6296,2.8674,1.2106,0,datasets/dtd/features/N3_K5_Q1/run_1
dtd,features,meta-llama/llama-4-scout,3,5,1,2,2,3,0,0.6667,7.5476,2.5104,1.3073,0,datasets/dtd/features/N3_K5_Q1/run_2
dtd,features,meta-llama/llama-4-scout,3,5,1,3,2,3,0,0.6667,8.0432,2.6776,1.2489,0,datasets/dtd/features/N3_K5_Q1/run_3
dtd,features,meta-llama/llama-4-scout,4,1,1,0,2,4,0,0.5000,6.8695,1.7161,1.1842,0,datasets/dtd/features/N4_K1_Q1/run_0
dtd,features,meta-llama/llama-4-scout,4,1,1,1,3,4,0,0.7500,7.0600,1.7633,1.2548,0,datasets/dtd/features/N4_K1_Q1/run_1
dtd,features,meta-llama/llama-4-scout,4,1,1,2,2,4,0,0.5000,6.2620,1.5632,1.0383,0,datasets/dtd/features/N4_K1_Q1/run_2
dtd,features,meta-llama/llama-4-scout,4,5,1,0,2,4,0,0.5000,13.6502,3.4099,1.4657,0,datasets/dtd/features/N4_K5_Q1/run_0
dtd,features,meta-llama/llama-4-scout,4,5,1,1,1,4,0,0.2500,14.9620,3.7385,1.7085,0,datasets/dtd/features/N4_K5_Q1/run_1
dtd,features,meta-llama/llama-4-scout,4,5,1,2,4,4,0,1.0000,14.4418,3.6057,1.8724,0,datasets/dtd/features/N4_K5_Q1/run_2
dtd,rulebased,meta-llama/llama-4-scout,2,1,1,0,2,2,0,1.0000,7.0288,3.5062,3.2132,0,datasets/dtd/rulebased/N2_K1_Q1/run_0
dtd,rulebased,meta-llama/llama-4-scout,2,1,1,1,1,2,0,0.5000,6.0309,3.0118,2.7251,0,datasets/dtd/rulebased/N2_K1_Q1/run_1
dtd,rulebased,meta-llama/llama-4-scout,2,1,1,2,1,2,0,0.5000,3.7933,1.8928,1.5436,0,datasets/dtd/rulebased/N2_K1_Q1/run_2
dtd,rulebased,meta-llama/llama-4-scout,2,1,1,3,1,2,0,0.5000,5.3660,2.6814,2.4247,0,datasets/dtd/rulebased/N2_K1_Q1/run_3
dtd,rulebased,meta-llama/llama-4-scout,2,1,1,4,2,2,0,1.0000,6.0199,3.0027,2.7192,0,datasets/dtd/rulebased/N2_K1_Q1/run_4
dtd,rulebased,meta-llama/llama-4-scout,2,1,1,5,2,2,0,1.0000,5.3451,2.6684,2.3261,0,datasets/dtd/rulebased/N2_K1_Q1/run_5
dtd,rulebased,meta-llama/llama-4-scout,2,5,1,0,2,2,0,1.0000,7.7806,3.8861,2.6817,0,datasets/dtd/rulebased/N2_K5_Q1/run_0
dtd,rulebased,meta-llama/llama-4-scout,2,5,1,1,2,2,0,1.0000,7.8072,3.8997,2.7075,0,datasets/dtd/rulebased/N2_K5_Q1/run_1
dtd,rulebased,meta-llama/llama-4-scout,2,5,1,2,2,2,0,1.0000,8.8690,4.4304,3.3680,0,datasets/dtd/rulebased/N2_K5_Q1/run_2
dtd,rulebased,meta-llama/llama-4-scout,2,5,1,3,2,2,0,1.0000,7.2320,3.6102,2.5658,0,datasets/dtd/rulebased/N2_K5_Q1/run_3
dtd,rulebased,meta-llama/llama-4-scout,2,5,1,4,2,2,0,1.0000,7.0586,3.5270,2.5869,0,datasets/dtd/rulebased/N2_K5_Q1/run_4
dtd,rulebased,meta-llama/llama-4-scout,2,5,1,5,2,2,0,1.0000,9.0229,4.5094,3.4078,0,datasets/dtd/rulebased/N2_K5_Q1/run_5
dtd,rulebased,meta-llama/llama-4-scout,3,1,1,0,3,3,0,1.0000,10.7668,3.5839,3.1501,0,datasets/dtd/rulebased/N3_K1_Q1/run_0
dtd,rulebased,meta-llama/llama-4-scout,3,1,1,1,2,3,0,0.6667,9.6138,2.7629,2.3829,0,datasets/dtd/rulebased/N3_K1_Q1/run_1
dtd,rulebased,meta-llama/llama-4-scout,3,1,1,2,3,3,0,1.0000,11.7268,3.9055,3.7127,0,datasets/dtd/rulebased/N3_K1_Q1/run_2
dtd,rulebased,meta-llama/llama-4-scout,3,1,1,3,2,3,0,0.6667,9.2112,3.0691,2.5952,0,datasets/dtd/rulebased/N3_K1_Q1/run_3
dtd,rulebased,meta-llama/llama-4-scout,3,5,1,0,2,3,0,0.6667,13.8796,4.6225,3.1557,0,datasets/dtd/rulebased/N3_K5_Q1/run_0
dtd,rulebased,meta-llama/llama-4-scout,3,5,1,1,1,3,0,0.3333,14.7271,4.9032,3.2875,0,datasets/dtd/rulebased/N3_K5_Q1/run_1
dtd,rulebased,meta-llama/llama-4-scout,3,5,1,2,3,3,0,1.0000,13.4907,4.4930,3.2573,0,datasets/dtd/rulebased/N3_K5_Q1/run_2
dtd,rulebased,meta-llama/llama-4-scout,3,5,1,3,2,3,0,0.6667,14.0294,4.6719,2.9694,0,datasets/dtd/rulebased/N3_K5_Q1/run_3
dtd,rulebased,meta-llama/llama-4-scout,4,1,1,0,1,4,0,0.2500,14.9467,3.7340,3.1812,0,datasets/dtd/rulebased/N4_K1_Q1/run_0
dtd,rulebased,meta-llama/llama-4-scout,4,1,1,1,2,4,0,0.5000,12.7253,3.1800,2.6757,0,datasets/dtd/rulebased/N4_K1_Q1/run_1
dtd,rulebased,meta-llama/llama-4-scout,4,1,1,2,2,4,0,0.5000,12.3711,3.0889,2.5920,0,datasets/dtd/rulebased/N4_K1_Q1/run_2
dtd,rulebased,meta-llama/llama-4-scout,4,5,1,0,3,4,0,0.7500,22.2667,5.5630,3.4442,0,datasets/dtd/rulebased/N4_K5_Q1/run_0
dtd,rulebased,meta-llama/llama-4-scout,4,5,1,1,1,4,0,0.2500,19.4894,4.8700,2.9733,0,datasets/dtd/rulebased/N4_K5_Q1/run_1
dtd,rulebased,meta-llama/llama-4-scout,4,5,1,2,4,4,0,1.0000,23.2690,5.8153,3.7165,0,datasets/dtd/rulebased/N4_K5_Q1/run_2
dtd,axioms_ontology_v2,meta-llama/llama-4-scout,2,1,1,0,2,2,0,1.0000,3.6009,1.7965,1.4228,0,datasets/dtd/axioms_ontology_v2/N2_K1_Q1/run_0
dtd,axioms_ontology_v2,meta-llama/llama-4-scout,2,1,1,1,1,2,0,0.5000,2.8510,1.4192,1.2688,0,datasets/dtd/axioms_ontology_v2/N2_K1_Q1/run_1
dtd,axioms_ontology_v2,meta-llama/llama-4-scout,2,1,1,2,1,2,0,0.5000,2.7499,1.3653,1.1076,0,datasets/dtd/axioms_ontology_v2/N2_K1_Q1/run_2
dtd,axioms_ontology_v2,meta-llama/llama-4-scout,2,1,1,3,1,2,0,0.5000,3.4719,1.7274,1.4990,0,datasets/dtd/axioms_ontology_v2/N2_K1_Q1/run_3
dtd,axioms_ontology_v2,meta-llama/llama-4-scout,2,1,1,4,2,2,0,1.0000,2.4806,1.2334,0.9023,0,datasets/dtd/axioms_ontology_v2/N2_K1_Q1/run_4
dtd,axioms_ontology_v2,meta-llama/llama-4-scout,2,1,1,5,2,2,0,1.0000,4.1222,2.0586,1.7783,0,datasets/dtd/axioms_ontology_v2/N2_K1_Q1/run_5
dtd,axioms_ontology_v2,meta-llama/llama-4-scout,2,5,1,0,2,2,0,1.0000,6.5704,3.2827,2.4993,0,datasets/dtd/axioms_ontology_v2/N2_K5_Q1/run_0
dtd,axioms_ontology_v2,meta-llama/llama-4-scout,2,5,1,1,2,2,0,1.0000,6.5921,3.2873,2.1762,0,datasets/dtd/axioms_ontology_v2/N2_K5_Q1/run_1
dtd,axioms_ontology_v2,meta-llama/llama-4-scout,2,5,1,2,2,2,0,1.0000,4.7663,2.3804,1.2743,0,datasets/dtd/axioms_ontology_v2/N2_K5_Q1/run_2
dtd,axioms_ontology_v2,meta-llama/llama-4-scout,2,5,1,3,2,2,0,1.0000,5.0784,2.5351,1.8793,0,datasets/dtd/axioms_ontology_v2/N2_K5_Q1/run_3
dtd,axioms_ontology_v2,meta-llama/llama-4-scout,2,5,1,4,2,2,0,1.0000,4.9423,2.4688,1.8773,0,datasets/dtd/axioms_ontology_v2/N2_K5_Q1/run_4
dtd,axioms_ontology_v2,meta-llama/llama-4-scout,2,5,1,5,2,2,0,1.0000,6.5428,3.2624,2.0947,0,datasets/dtd/axioms_ontology_v2/N2_K5_Q1/run_5
dtd,axioms_ontology_v2,meta-llama/llama-4-scout,3,1,1,0,2,3,0,0.6667,10.2930,3.4277,2.9864,0,datasets/dtd/axioms_ontology_v2/N3_K1_Q1/run_0
dtd,axioms_ontology_v2,meta-llama/llama-4-scout,3,1,1,1,3,3,0,1.0000,9.4874,3.1609,2.7237,0,datasets/dtd/axioms_ontology_v2/N3_K1_Q1/run_1
dtd,axioms_ontology_v2,meta-llama/llama-4-scout,3,1,1,2,3,3,0,1.0000,8.0258,2.6724,2.2705,0,datasets/dtd/axioms_ontology_v2/N3_K1_Q1/run_2
dtd,axioms_ontology_v2,meta-llama/llama-4-scout,3,1,1,3,3,3,0,1.0000,4.6713,1.5555,1.1557,0,datasets/dtd/axioms_ontology_v2/N3_K1_Q1/run_3
dtd,axioms_ontology_v2,meta-llama/llama-4-scout,3,5,1,0,3,3,0,1.0000,10.6707,3.5525,1.9933,0,datasets/dtd/axioms_ontology_v2/N3_K5_Q1/run_0
dtd,axioms_ontology_v2,meta-llama/llama-4-scout,3,5,1,1,2,3,0,0.6667,13.1623,4.3840,3.0325,0,datasets/dtd/axioms_ontology_v2/N3_K5_Q1/run_1
dtd,axioms_ontology_v2,meta-llama/llama-4-scout,3,5,1,2,3,3,0,1.0000,17.0203,5.6703,4.1071,0,datasets/dtd/axioms_ontology_v2/N3_K5_Q1/run_2
dtd,axioms_ontology_v2,meta-llama/llama-4-scout,3,5,1,3,2,3,0,0.6667,18.1698,6.0533,4.4232,0,datasets/dtd/axioms_ontology_v2/N3_K5_Q1/run_3
dtd,axioms_ontology_v2,meta-llama/llama-4-scout,4,1,1,0,3,4,0,0.7500,15.8566,3.9563,3.4920,0,datasets/dtd/axioms_ontology_v2/N4_K1_Q1/run_0
dtd,axioms_ontology_v2,meta-llama/llama-4-scout,4,1,1,1,2,4,0,0.5000,16.7505,4.1857,3.6538,0,datasets/dtd/axioms_ontology_v2/N4_K1_Q1/run_1
dtd,axioms_ontology_v2,meta-llama/llama-4-scout,4,1,1,2,4,4,0,1.0000,9.4127,2.3511,1.8144,0,datasets/dtd/axioms_ontology_v2/N4_K1_Q1/run_2
dtd,axioms_ontology_v2,meta-llama/llama-4-scout,4,5,1,0,3,4,0,0.7500,21.2478,5.3066,3.1860,0,datasets/dtd/axioms_ontology_v2/N4_K5_Q1/run_0
dtd,axioms_ontology_v2,meta-llama/llama-4-scout,4,5,1,1,2,4,0,0.5000,19.2307,4.8036,2.9033,0,datasets/dtd/axioms_ontology_v2/N4_K5_Q1/run_1
dtd,axioms_ontology_v2,meta-llama/llama-4-scout,4,5,1,2,4,4,0,1.0000,20.2100,5.0482,3.0621,0,datasets/dtd/axioms_ontology_v2/N4_K5_Q1/run_2
